,AMH,CPT,EQR,MAA,Portfolio,UDR
0,17.027380860233897,110.90257441988655,29.549723234603093,132.73331597266605,64.4092110019881,31.833060522550856
1,23.246952821607472,92.87059714315006,70.889240064777,123.411420804947,65.97852315394937,19.47440493526523
2,37.52336040375187,58.02041321062189,32.27356102115549,105.20246664266611,52.79299988689197,30.94519815626448
3,25.184331676483335,59.87853716082594,39.16244877339433,66.85876607023474,43.83430930735126,28.087462855817968
4,45.22488749484661,75.63050180957198,51.38552256549401,103.9715148872788,65.8600768982821,53.08795773421911
5,20.670923265289247,98.85091682537914,85.05837536817502,89.77658064137971,69.25797626375025,51.933085218528134
6,31.888054540542527,90.36538343336825,36.65772880101644,86.7329617750739,52.13625935025659,15.037168201281805
7,21.27555125189773,75.71261420332928,84.98858462221182,100.40900548191887,69.32771253328991,64.25280710709183
8,29.35887205412263,83.73237426476338,19.587830333387554,160.37640009393093,66.93024875480175,41.595767027804264
9,24.232961931304985,74.84414378329517,52.25598553160048,285.3118322535396,97.25481901423458,49.62917157143264
10,18.8294880513632,45.55098091809346,36.033236255288614,93.30473788366571,43.46101820485023,23.586647915840135
11,14.015332434875209,109.08075802169508,34.25451114577768,56.47910330782669,50.01107718730003,36.22568102632552
12,27.714735501239343,123.68742227411923,27.916684348576055,246.1821609807671,90.55161077462137,27.257050768405083
13,17.820916071983063,97.78872522624883,106.04937242620174,52.038621482865324,59.948118372603865,26.04295665572037
14,14.854880517562275,103.50518966506267,72.9472574397157,139.8465242677434,72.13658251049786,29.52906066240523
15,36.2317437434681,100.69337627645733,53.52399027179184,110.64949107745961,63.61011483636231,16.95197281263465
16,52.045901509688036,36.04569040073844,57.09643998937701,94.54532194267388,67.95092304889624,100.02126140200387
17,26.46742827568586,88.19780089825221,31.34630340948596,50.84274309359174,42.63845545815812,16.338001613774836
18,42.47400181000522,121.62947235472221,44.74812033240729,152.99145011637185,79.74658231732488,36.88986697311773
19,23.53469323811624,64.37431223972364,78.59547880716917,216.55844244954434,80.81562121223868,21.01517932663998
20,17.457743380970577,52.540022708687744,48.08490892063591,167.7389342960579,69.8788434931837,63.57260815956631
21,13.067127618635602,82.62404178927164,36.52619535591194,99.8318298334278,50.57465981619031,20.824104483704563
22,16.409974109124263,92.37301510164406,51.307695225166164,83.5717524024562,58.95378093421428,51.1064678326807
23,14.119361399341852,207.25278291275256,63.639746411256304,59.990522396529045,74.04854941520429,25.240333956141694
24,20.406416572879714,76.50710868683078,33.882998566486194,79.0248098278428,50.18916465494148,41.124489620667894
25,30.48266189981146,97.45884559921026,31.745686851923953,69.02550678272088,53.92622126492094,40.91840519093812
26,19.868026285913242,57.16482219699069,63.875886653963505,308.23046580637225,96.79410129979088,34.8313055557147
27,21.4928619044917,51.82450738430298,55.04583089981885,104.75386298161156,53.116700487515004,32.46643926734993
28,12.923674017932342,67.49137347332712,55.82000186720264,124.89497380139987,60.2059172355214,39.899563017745
29,16.932464934207044,74.65932926578343,98.5850553680976,122.91309891509997,68.41599880844578,28.99004555904082
30,37.85181078313735,173.00549055433189,44.268021394099975,170.36968229369668,91.04880079499395,29.748998949703868
31,22.804765766737344,100.43250524217608,25.167202085886995,91.17373606249251,52.03520449165728,20.597813300993504
32,32.15780143715865,33.654205853895455,98.46907635032991,183.67525901222407,73.8507861181401,21.29758793709242
33,33.521456771399905,147.04142903344462,50.34873644513906,187.1396812856585,86.5712800176183,14.805096552449491
34,21.586280981947077,49.07513607858091,21.8957627393378,172.26107882717943,57.53226288300282,22.843055787968876
35,42.138462482806545,86.37000474439711,52.47979053062347,146.1594806029524,77.20744929359641,58.88950810720251
36,18.602429161820197,58.77791890999398,59.62077641495905,127.12558542243607,59.11156353474598,31.431107764520583
37,25.518622638165567,58.28094221650131,71.49441380839177,78.62323715248547,52.18832146869583,27.024391527935038
38,19.488102592808296,74.38933507805997,73.96239749961498,102.97672476027068,58.81925018739993,23.279691006245688
39,33.66181084126407,37.454088099790354,44.4576043277592,134.19025274612852,53.68961727274561,18.684330348785902
40,18.1594183768346,85.12709766516933,61.827177800671365,136.43482560333237,70.7883714456591,52.39333778228775
41,14.720184300856204,77.02147211214793,60.794620329717155,207.30570705752308,79.70997509211139,38.707891660312605
42,22.260509932722975,98.384408545606,58.58032470679359,148.7034619724896,72.12163719034979,32.679480794136715
43,34.85482802022476,36.77514899215389,43.88298109333381,100.8147964158876,45.36312196730464,10.48785531492316
44,21.96565433858685,135.40260146363835,35.430916869839955,62.04876698576028,55.03377787789238,20.320949731636453
45,31.309332284994436,62.16755304428907,38.78927801025177,88.87472525535082,49.92216254114466,28.46992411083717
46,36.15980248141962,37.91077297983314,23.39697102980649,73.9410683786733,37.42559524458635,15.719361353199197
47,17.993104479365297,76.52558052601563,55.48407988448171,98.84095738702011,56.318859844345,32.750576944842244
48,19.8307613416623,52.49023369693068,43.539185678635064,87.52648834492764,46.043080803068605,26.82873495318733
49,25.940195652213696,50.432145400363325,24.886063296568572,223.7050465916163,70.36338902942563,26.85349420636625
50,33.88368762783889,67.61013982959504,67.77339589560079,98.25237119553424,63.24875343716164,48.724172637239214
51,16.28463452436844,47.186722393516064,93.78096811291446,61.241688824287515,58.93031801195945,76.15757620471075
52,67.94707023703417,99.67844576974788,28.079769112354214,106.73903836576635,67.20505556110136,33.58095432060416
53,22.725561491075354,105.25031559388007,37.54553984977193,86.29479700756427,55.99048643511199,28.136218233268313
54,21.49325468660781,65.41056420027788,50.54757366456892,151.74214074597577,61.006111450399615,15.837023954567654
55,16.199721311867325,65.42857695248165,56.69672227952844,194.80722244839836,72.26245457742743,28.18002989486132
56,31.52725196719537,75.06813056023285,46.66812472304561,128.23700917414038,61.11073463390741,24.053156744922827
57,21.370216609256453,101.60917976425365,70.11500098740763,120.43482810047337,66.77473252128013,20.34443714500956
58,18.297133665150366,61.66365854117484,39.808264902152075,162.09215228728067,66.82729648710408,52.275273039762446
59,38.77635141493508,84.25533123573321,83.1134250483662,112.44650602633902,70.3745075927653,33.28092423845294
60,35.16667529016097,93.54882156005623,37.784225487446356,58.41594190117147,48.0822205203972,15.495438363150988
61,21.730537295338124,46.56503210450408,64.43869998567332,107.26220623731854,55.531352985975424,37.66028930704302
62,32.37290794995195,42.13480794462621,54.62655489617582,170.49452405526569,64.93811699928493,25.061790150404956
63,22.11627418032564,58.35794387107326,38.025783587624,67.8877495978286,44.72847915417948,37.25464453404591
64,16.28245649595236,96.2190969798147,75.46366528986779,110.02700172674865,62.56888185986691,14.852188806951064
65,13.097699772078903,76.67013933378645,30.813024000562567,89.70795779741512,47.64772882484747,27.949823220394272
66,33.59993690082904,65.0355009553912,26.68890053217506,122.18893742708057,59.43006164550599,49.63703241205404
67,16.813409461514986,42.64300528399308,58.28668697525102,103.37561484223774,51.957556249939266,38.66906468669947
68,27.257367185355182,75.22227653917858,83.16692696675739,112.30975843058522,66.64025316137864,35.24493668501677
69,20.21806274266982,145.65942993399503,38.723074411670225,136.95128356930294,75.20676708239725,34.481984754348275
70,21.80639917800784,121.93318192925345,65.62344941219285,102.83638140735131,66.32775274065366,19.43935177646282
71,44.31995913161329,104.60089262782192,48.89738142457938,42.43257553913615,55.82010981903315,38.849740372015034
72,39.99233122881996,79.90040138040757,36.70606941264124,109.37101622037636,58.82652123758139,28.16278794566179
73,29.54639486387064,98.88451526124051,50.11974622326271,153.54890966036567,72.54883690107496,30.644618496635236
74,10.488988045737575,82.26958747381225,65.31771115010241,117.47069665153424,60.210060245337345,25.503317905500236
75,31.343510632332464,61.77455246582663,21.18201121525281,137.8012546941242,55.17176581045493,23.757500044738503
76,33.50711124204237,114.43593379767883,77.50182347375542,104.03866129059911,70.17428139297769,21.38787716081265
77,23.31583414287743,35.41198744148432,37.00829795346366,288.2174282767983,93.53834430104493,83.73817369060099
78,18.933403897367484,110.09206948135989,24.215673708802598,128.4062224245905,63.390089135349456,35.303076164626766
79,19.206915220655713,244.93292082813733,67.5134016576366,49.490158673417,82.19735263389657,29.84336678963613
80,14.365068156514587,117.98054359863143,35.30079462031585,85.617733489913,57.9441337402535,36.4565288358926
81,14.300569364651793,122.49789061562792,38.12459352915108,41.23355061587496,47.59178825371471,21.802337143267792
82,28.06157436212924,63.64826411867354,31.333532894643064,128.58685486855163,54.181374252861204,19.276645020308525
83,28.448786563568323,42.15498032690253,52.11358118218266,155.1586870600776,63.01091362396413,37.17853298708951
84,30.664046629481092,47.40018737328773,78.06455196575887,87.63880737350517,57.08011344655452,41.63297389073975
85,19.27922397841493,61.73352585547432,30.02227281358247,103.96072543877888,51.387893541198736,41.94371961974305
86,29.060000144477485,135.7898873203901,51.59010285866258,101.94922563137551,72.41376422650944,43.67960517764154
87,18.8866013909684,76.31256229272293,33.18748103607091,205.4263731544369,73.85217568545451,35.44786055307334
88,44.74056691156404,141.9869002071564,46.29662882299015,71.35047811881142,65.71640271176717,24.20743949831386
89,11.176106842086485,137.9791660648114,32.607933861849965,147.42155227496448,71.52820483211823,28.456265116878846
90,14.82582861228807,32.2066620018992,49.25677390180514,127.40190543321951,52.45915303879059,38.60459524474104
91,43.39311041414408,95.30308605801545,30.52805439011436,92.52707507414063,60.44682804018737,40.482814264522325
92,18.924131140885954,216.4709961400194,55.55659021086964,114.73580899768525,85.30501356514986,20.83754133628902
93,31.47500543573713,57.70759585314421,52.57194897031749,135.11276692159922,59.6488162861273,21.376764249838413
94,31.401447461405038,132.19299281187548,59.523701014764974,85.73375399020253,65.5118174812084,18.707192127793927
95,21.691259901413687,99.52016481695378,80.98969091501561,278.2227700269912,102.1381281529453,30.266755104352168
96,21.325874939534785,62.65928605471946,58.477146930434216,239.84575343933562,80.83956282455748,21.889752758763265
97,25.490447659272167,142.78800698055608,41.51283024301691,76.61149357592092,66.85932156059269,47.893829344197414
98,22.42118242830245,70.9132265299861,56.244600712327575,113.86032900567419,60.10072765115584,37.0642995794889
99,18.516268611737498,136.08006148066457,67.77832893347626,202.22058108510905,89.23461848119092,21.577852294967197
100,10.936292793836603,73.39926044572161,43.3861656197125,199.45221318961072,68.3666148697504,14.659142299870608
101,22.75316226101202,85.19155171374027,74.35224805254641,78.49474038287345,54.97620571494303,14.089326164543001
102,21.723040389688233,51.91817742187344,42.78411598112726,73.38663277235356,45.9332991791791,39.85452933085299
103,24.462443727349935,67.46630234114532,40.0064385732544,113.64433027980215,57.80147897803532,43.4278799686248
104,17.82249826000153,82.46880086676349,44.36353989846001,127.84750499437372,62.01776302692517,37.58647111502708
105,19.053155995007682,59.20204692363741,28.160065889099528,72.87088468258548,42.47386955754906,33.08319429741517
106,28.198937245231647,156.34277243898669,51.97311298228014,289.0265249243754,112.31446710913012,36.03098795477669
107,18.88263549485149,214.1796483921742,57.29975442334357,81.10652584900834,80.9214205404072,33.13853854265841
108,14.014217579568049,132.77311136127432,63.63270497965495,186.27537758322057,88.4428682779967,45.51892988626554
109,18.109775322452307,91.84715551051364,45.67424360385626,237.7997209810448,83.76272692875233,25.38273922589466
110,17.492405241125905,59.97791482656828,77.8290492483046,84.86938357517218,53.58120889888031,27.73729160323058
111,12.420724463164662,51.83301242239081,50.2510025028576,99.8150048550809,47.01347635112003,20.747637512106195
112,23.136343390731476,134.46756573361935,62.81073782088901,119.77670135143205,72.41406037644086,21.878953585532308
113,35.652985573330575,62.75596761286309,34.933072384951245,43.20835630133666,44.99682826137389,48.43375943438791
114,20.882578168518474,63.92390965024184,58.763765844925814,57.036952181319045,45.91125751919588,28.949081750974198
115,17.069273630772646,68.20536810297698,106.46125039938995,101.13749124083604,64.07635449068397,27.508389079444225
116,16.29403863317751,41.94935459528051,56.007333530562086,92.81056740505268,44.980124386044984,17.839327766152124
117,24.13185728945903,38.406998753355644,39.85420839720395,207.97511104408173,77.02170903193891,74.74036967559424
118,17.745432307248294,55.21362887006677,63.87943756475466,73.12041842063336,47.90204325280882,29.551299101340987
119,22.33334141334325,50.93089893955724,70.41005672991098,142.33630953479758,63.95264605329596,33.7526236488707
120,23.975142752908518,92.89411256268826,120.18099267627727,181.90702852118795,94.78998657537545,54.99265636381525
121,15.048161656050501,142.52438491159367,139.66495213319888,55.34864925225082,75.52516518653854,25.039677979598864
122,37.54985193937295,67.58347082802221,46.61083036658955,153.59916320132177,64.87532198290921,19.033293579239555
123,35.13972211203451,117.94642637062405,70.11065175064012,99.17058537862226,71.71273641039862,36.19629644007217
124,14.719554651668716,29.46098331174572,26.097014164423353,138.2768420688943,49.56184439469072,39.25482777672154
125,13.531842612624907,60.60635301893563,33.767521435259276,200.47548244057896,66.8672418141007,25.955009563104703
126,15.36240264823407,86.09179206224628,47.922443887429175,42.83276185077789,45.50057713806672,35.29348524164614
127,28.34651203081565,58.60361639905653,40.47205931209916,102.12483103470555,54.82315193062739,44.56874087646004
128,26.61960366343103,71.74027122027029,53.921484034801445,166.71169334284804,70.59480715539186,33.98098351560852
129,21.531695195779136,97.37789401280845,51.717870989720744,161.1702312006945,71.16288270601083,24.0167221310513
130,27.049491148427293,97.05406084088824,31.17572771074452,61.373361341890345,48.050399430656185,23.59935611133051
131,27.349374308763014,144.70163668918465,56.13929313580811,105.58306847278749,73.35993675729726,33.026311179942994
132,13.800319534270622,64.19762659043525,55.100518937394284,96.69163670983632,54.99910362014971,45.20541632881208
133,40.85461336255187,68.20080819383499,23.236605908912733,120.3263737386197,54.61561539047699,20.45967574846567
134,14.190525460143787,92.88891574988865,27.321862692295532,288.3488300898532,91.26559939766531,33.577862996145335
135,18.10036476654183,51.79998581999565,37.95694287162069,84.92388064956916,41.797642582292596,16.207038803735664
136,17.36850039662352,58.10007762587816,33.432261242143866,88.56412232469222,55.04462846445685,77.75818073294644
137,31.192569177498278,59.050360809186,37.097874773719155,139.0154318761053,56.86325001827268,17.960013454854664
138,41.86364777026091,67.67134280061731,70.82067165822728,117.59890225520705,65.85793130268135,31.335092029094124
139,26.30654040444294,43.005127403313296,38.73814174444578,56.45915220835921,36.061397560526274,15.798026042070155
140,9.146644893135566,112.55181015127535,35.5981083533683,80.12908499325019,57.07972358273981,47.972969522669594
141,33.47118206994368,48.99101426079512,60.378824302238264,188.0436472591208,68.65047780565234,12.367721136163862
142,21.559268644111445,91.76173448609582,63.70261763382967,190.2359224404344,77.44471655332173,19.964039562137312
143,28.746288895878752,65.05331673379615,59.758555493642575,95.59949222465484,53.8085767004126,19.885230154090664
144,16.65155234668663,81.26134956668164,55.09082885325162,57.499233162189704,61.44346011293818,96.71433663588132
145,27.06107241575134,95.217544484381,112.90948483866484,120.92153634998398,78.18337291598776,34.807226491157614
146,41.50227538207988,60.02879264142225,64.58368535557823,54.31660480916664,49.434030156161754,26.738792592561726
147,19.082262945253326,41.83395268645202,87.60632534800533,363.43348890614504,111.51652354803427,45.626587854315595
148,29.28429816966222,91.77398663890308,69.38692693610312,47.60489793031615,51.62831865848884,20.091483617459627
149,21.199468709244616,72.30720003485087,33.10694286166834,96.99685375841771,50.51245949254493,28.951832098543086
150,25.9345089785816,50.317076983352,66.26144839046414,148.7052532951397,60.92738897367162,13.418657220820643
151,15.673901638559846,150.08449933319008,72.02956039184441,172.31964991529213,90.19750477844272,40.8799126133271
152,28.12548254556169,77.84281599147846,55.56830172927276,68.03182131585439,48.37238804862099,12.29351866093763
153,24.54753405092567,63.41226241669561,17.828727567958964,154.70673224381068,60.43760959164285,41.69279167882331
154,24.04104931107908,87.98876017175787,29.05501577705536,79.02828817832385,48.76809737566808,23.72737344012421
155,26.182160629126468,44.53862765513123,67.75776134755733,94.23724902350587,51.53424400817469,24.955421385552498
156,15.462148749937734,76.75329990891456,83.1071390493015,139.6042019318095,69.63939208973217,33.27017080869754
157,46.36078877124828,135.64872352705987,52.153299768894605,67.78163682485182,64.79658958338115,22.038499024851106
158,21.1127282898045,100.14286537451532,37.52000506775526,43.37073409762188,43.86547584873385,17.181046413972265
159,25.603135365283965,137.77067572238462,25.217496358915984,158.7097134232477,76.38377128148616,34.617835537598516
160,24.17115343127565,69.03825960730231,29.574050650392046,301.90061465457995,89.43864699734544,22.50915664317724
161,23.990762199142672,51.48734311442816,53.16202552440296,67.88687355002723,45.536053312658055,31.153262175289253
162,22.17596942312544,48.13889982476673,40.19283792068642,296.065124464507,88.10262622682478,33.940299501038304
163,24.654550337700368,109.89932351479906,45.60084303659149,139.45941375198066,70.27745305596741,31.77313463876546
164,39.75762093669105,60.3578048206422,85.676519021804,160.78258351378963,75.5988073792675,31.419508603410602
165,16.119331660309747,41.04128563436649,37.207268451266934,64.49178094838757,39.979893770154874,41.03980215644364
166,45.560039299922764,51.389819365716185,40.24725604554893,150.55027523736388,64.75740311483796,36.03962562563802
167,28.900577818238517,57.70310233173748,79.26510688688833,96.4866712385249,61.00108819777363,42.64998271347892
168,25.17313568828451,113.34659220148453,25.883558868541897,80.03303727358656,52.46208772826793,17.874114609442135
169,31.576012527577273,200.5346144763188,43.815998894427665,88.21432863974016,76.94120631326493,20.56507702826072
170,12.740848103891402,44.20267221182155,56.99246089372177,162.7905331021436,60.598459645495126,26.265783915897295
171,18.780072304846975,57.75503125475069,19.699041681151066,76.92268209479698,38.114642154661176,17.416383437760157
172,19.184673699177313,52.5350238844785,90.41232174122241,128.56458932074335,61.54049817830193,17.005882245888102
173,49.128726960055026,76.53807999168804,33.29960343838635,182.57046687086208,74.55739873416927,31.250116409854826
174,14.465371689977875,57.44501482709526,53.4328839386713,114.28959858391698,54.55663662052778,33.15031406297748
175,26.1928796247284,52.44605706004741,47.09518614298864,118.84103452276813,53.31534188822611,22.001552090597976
176,20.47096513180575,86.1125710415487,34.19232712920152,37.985299952270154,39.76867724839804,20.082222987164062
177,19.835863945006597,73.54548313261569,107.57120055500737,192.7115260438957,85.73143801438624,34.99311639540591
178,15.490096214681001,49.96895378055091,54.289912789686916,79.52632835729355,45.614384924458776,28.796633480081482
179,25.032753240467,93.85258012393894,24.01343175135127,62.58375174371157,52.07312401088947,54.88310319497858
180,45.691050902760594,50.836276430581,31.602643316973957,44.97850138210422,38.21898490276395,17.986452481399965
181,16.976951530614333,54.93089621485934,61.19830606097486,80.02116124602146,46.93563991368549,21.55088451595746
182,30.07250972590028,46.36770334642088,47.9053714001142,186.00640600117399,65.74580051122842,18.37701208253281
183,20.545151990249185,32.25107253424429,48.630463755981616,98.4876293337591,42.83377495206957,14.254557146113648
184,16.48962177435373,90.77801976687309,63.451267287803546,146.29188570228752,69.49921470121845,30.48527897477435
185,14.824919915416084,71.54720802035948,106.86974755358436,143.79542990530592,76.18216467228447,43.87351796675649
186,22.240849108237562,100.07232679299813,42.89684242777713,66.05468699457134,52.09413261280104,29.20595774042103
187,19.307158865464082,46.35056737446325,48.91845523245969,115.1795222226558,50.59705378280074,23.229565218960865
188,26.466423036176153,57.650541898144915,34.24059190262237,89.49394889004601,47.57892719274121,30.0431302367166
189,26.892407626510444,55.63640139979696,55.45336038282573,164.52670019564752,66.47363270186264,29.859293904532482
190,21.698469150057992,66.53319312383512,26.471658467399845,204.3280784823752,78.75323735337001,74.73478754318191
191,19.78629381005937,71.05162049766412,55.16689486135677,151.08017481532366,63.77796190196105,21.804825525401338
192,16.405355566164594,114.57394949693064,112.9564230880709,118.34155661551146,79.86718586764002,37.05864457152245
193,31.918520401936462,65.8349760197351,52.35484460496098,73.09750496841092,51.341355771445336,33.50093286218324
194,25.142564142079156,44.34665572413944,53.15324795500257,110.43646209669889,54.90875847049676,41.46486243456372
195,27.31152054165413,125.85629843490968,30.486563790187837,205.89695629455102,83.99276259486264,30.4124739130105
196,28.27028800437724,43.286899514393845,47.977323589901324,78.70337531999192,42.86619839884463,16.09310556555879
197,31.295072957206216,32.45773904899541,40.70406097179122,68.0655420489447,43.269206762953466,43.82361878782975
198,26.730636202701174,56.635346716526584,32.249696603768705,88.77359448196385,46.769927546216735,29.460363726123337
199,29.934690638719896,78.43605849300141,42.317356019048766,78.02571530753946,50.72160855741414,24.894222328761145
200,18.902855473260587,104.58224224926471,81.34314758956684,132.9455716496895,71.57681836043585,20.110274840397626
201,22.667300226071383,121.15571756796683,71.46456463082909,161.82802196632005,82.68174273049239,36.29310926127457
202,18.760318848599415,51.0370930278892,43.93340568916711,147.7387282057752,56.31288768715375,20.09489266433779
203,29.61260756915581,117.71920706993299,71.40644219955509,68.08290584685243,66.26289946976483,44.49333466332783
204,18.64648707934109,35.699422784738665,31.839116040433826,30.64898004146585,27.621927162032822,21.275629864184683
205,19.388433667022706,70.32593098507637,28.34536284155344,98.41580453532998,46.88255822920836,17.937259117059288
206,15.632873425171105,60.70134815656879,49.08985409175055,74.88235362870603,41.75831352723614,8.485138333984224
207,24.194981940435753,80.07807258626032,39.69723329949758,140.6482613246124,63.96987526333302,35.23082716585902
208,21.491728156109215,162.76920240917653,31.779552812492447,61.50780733796363,61.1566627115003,28.23502284175968
209,15.521069553795579,57.328543048748315,20.227812117203786,70.50201973712511,41.19193990442944,42.380255065274405
210,17.59723550599267,30.86248483638215,45.48719890243646,144.16477363159734,52.979614246651444,26.78637835684859
211,24.87094858020279,90.31382715334188,37.264302252500926,89.54215811825172,59.35221742204884,54.76985100594691
212,30.432916687902832,47.4700049153352,55.814759343086976,149.2653048807725,69.44786053730405,64.2563168594227
213,32.73027087057571,80.26068940508978,24.67811500123661,162.82055411431966,63.06100839603835,14.81541258897001
214,18.03473822887238,124.88605331992393,108.662540794234,78.16474898385384,74.73187921399224,43.91131474307702
215,15.403396472535691,43.965460236655396,76.5762307755295,125.8909887453875,56.80525493761709,22.190198457977377
216,14.01672370944262,120.43541205938782,57.523363011980344,152.13112112509896,78.15085670119413,46.64766360006088
217,22.21085745633764,42.20699224427919,33.239225306649615,151.84041586884624,54.182050395974024,21.41276110375742
218,33.10158046244261,88.98151713787372,69.73161555171336,260.4826872758989,92.43988487750237,9.902023959583193
219,19.427564419730274,108.12647632738408,25.71232540150037,223.28427270536977,86.50688613768031,55.98379183441704
220,25.83876310656825,26.452908853850317,86.18682259581166,138.9784510999345,62.75944773149268,36.340293001298626
221,15.908421064471135,57.60355600714098,38.64693590851848,85.47553582521856,51.348122152528575,59.10616195729369
222,18.266833301070363,42.1286164904694,55.392034585343026,104.5451844151586,50.34951343566715,31.414898386294375
223,30.163305066809524,63.92310509688551,39.76399775523224,62.44803121265111,43.9390430076594,23.396775906718617
224,33.45675325070504,42.2553581111238,53.66057515996079,98.96338995475406,55.253363215435286,47.9307396006327
225,17.140912259890136,103.83689092642119,53.52351259253063,92.7267904155897,59.4387803839338,29.9657957252373
226,14.109743099740896,34.73035590165248,20.19920179949743,136.92383947859668,45.82984060056341,23.18606272332955
227,29.724162593046803,84.89630798682121,90.8935702552523,56.13492348646097,60.09176385264098,38.80985494162361
228,14.821944284795107,44.134661929590514,40.14563558122537,95.37188104438415,53.99595342301007,75.5056442750552
229,18.154517626620343,89.2046451340392,29.410536458174164,102.34077605360348,49.86232757956855,10.201162625405582
230,38.15793034599322,119.22577242762819,23.388994760303763,103.84057426694537,60.692416857340085,18.84881248582987
231,20.740763925114127,137.71315486596552,61.52574120551149,36.18086262945325,56.582795963721466,26.753457192562923
232,13.040977362871393,91.15069246736525,32.631609334444455,74.46070211665146,48.17717738365124,29.601905636923654
233,46.30243684272143,116.40069368857486,52.83644093478807,137.40495050834355,75.44160343763323,24.26349521373822
234,19.941348539258843,39.06894164778651,88.68782410190089,149.66745371796762,66.25204824500466,33.89467321810942
235,18.261754282441142,111.82875916834752,38.39111915778872,121.68686411981437,61.609181646086554,17.87741150204098
236,29.407448036834083,64.47409577770802,54.17620397468286,211.02749469988828,74.46503489050158,13.239931963394657
237,27.480546181186885,130.1571915809901,34.416288338632846,91.97327147657685,62.46538356797523,28.29962026248943
238,14.522632138978615,32.65186908893534,74.26647498772002,43.0880042698908,39.92726712538717,35.107355141411055
239,13.393477998671505,77.73038521321494,28.288282682968667,127.53740806282697,52.39117031084084,15.0062975965221
240,46.638733428545,81.06129984988794,85.9118415645092,105.1606320320591,67.01630353060611,16.309010778029307
241,17.86923821116338,167.45717747228335,58.621298619847195,70.9122966836431,68.61294246130737,28.204701319599817
242,32.399684912869446,207.32002075194998,71.78967536897032,165.64180440773325,107.71867881880503,61.44220865250215
243,34.793649816234876,101.70654212213542,68.93662286922971,86.27072924862664,65.15294787828175,34.057195335182065
244,25.033379734313062,91.0767914702958,52.11539979928169,120.70377546528103,61.880085402539905,20.471080543527922
245,16.946431692893547,64.59599366938933,67.52409621500824,90.60664759545216,54.120113747292336,30.927399563718357
246,26.607710965779358,107.98404363502961,26.728203677523453,208.05521969745593,80.28599374063353,32.05479072737924
247,37.34727504494927,46.88757629176358,34.51088148102935,143.27267907825345,54.69805190002239,11.471847604116281
248,14.963683000180513,45.774530613152734,27.586881240086253,150.87530309947837,54.70871936079239,34.34319885106405
249,24.71929749579107,24.976456497613267,40.68056845498168,119.72856903253373,50.338069740583975,41.5854572220001
250,19.66131516259217,43.811472435375066,38.60736001217572,96.20939988289857,51.10465097667271,57.23370739032201
251,36.12392254136514,129.27480948754743,35.304881909390566,117.79298938653794,68.38441249190416,23.42545913467967
252,26.244269769302583,116.22687388407934,36.98148774783865,126.80041572670869,63.53603691903115,11.427137467226494
253,14.233478617543716,131.2747355330331,88.97238612617127,163.53245205238096,82.12577958040463,12.615845572894038
254,18.290517487077004,74.94434908563126,42.42493616322026,143.42764340979164,63.238807025989814,37.1065889842289
255,17.955588152937697,91.72346947158853,32.465260070228496,165.61315693529644,66.92740746961172,26.879562718007403
256,17.50394314364541,54.26279395058316,83.54124704330708,194.36015823399183,79.52934245205046,47.97856988872475
257,15.318890145938667,72.95457730947848,40.02127509902743,128.93832095644385,58.85928972102339,37.063385094228494
258,60.50663714613794,128.43479519195535,48.14388692363607,71.82366807529195,65.13193452513141,16.750685288635754
259,43.924301233588245,102.19439909650357,71.23136413762651,146.45079272920864,76.83769418942111,20.387613750178534
260,18.494325891640447,52.14754774243344,59.59361730479053,166.41499926149956,63.18042401624111,19.25162988084157
261,16.472464081674826,74.77912424880424,26.203401429470897,177.08619108254516,68.94308009584917,50.17421963675073
262,16.219770039389783,163.2918805799664,33.83109740223731,39.90303806538982,54.99086248601695,21.70852634310144
263,23.658480615671024,49.68957404530452,85.00315327479488,61.17044465627742,47.672742028369576,18.842057549800014
264,38.00961458537886,55.80048856825051,60.526987999078806,123.24023134533017,59.03171004876041,17.581227745763698
265,30.587335014818265,52.72829561005153,40.11835808804667,127.2426285439172,55.009806412492736,24.372414805630026
266,14.966200755671512,52.898906463708435,35.66656504965476,134.4358128245627,54.05395399312191,32.30228487201211
267,27.889748354116637,112.55691507862589,35.9138259529473,121.0787113693346,66.73919631530786,36.25678082151483
268,30.698038518350312,88.37365656016888,56.264300464269574,144.00338699988217,72.12938998696453,41.30756739215168
269,38.61633613804112,68.5645700797669,57.693396337301714,110.65663860513126,62.523183659671254,37.084977138115256
270,17.766853506368943,32.222852029237735,74.16932783547952,128.78340984091236,55.17097208952693,22.912417235636088
271,36.01884409546833,57.971367471285106,24.867389855467145,80.17719087265435,46.233720008635174,32.13380774830093
272,36.289910818874155,200.94512534892988,36.68233167421952,72.61434987621642,72.57565144882625,16.34653952589127
273,35.07693044766632,61.38583495745374,79.09962779158604,105.77938187552873,61.097412100234735,24.145285428938806
274,49.69645482316993,37.57606071256664,88.78481150349566,78.73681106481976,56.027882958497855,25.34527668843726
275,36.4251781920688,84.95645268484431,59.25147729574589,89.83422414786571,60.51716675017656,32.11850143035807
276,20.743975592586366,92.49471099872032,36.88471415891096,150.8007967188393,65.31899324929527,25.6707687774194
277,38.11776425938644,55.926047846460165,48.91909289488395,101.32601275646947,54.09136415946622,26.16790304013102
278,22.830397271910467,80.6154641359036,32.29935080554537,176.35370977707936,68.64750681713485,31.13861209523551
279,40.42072972765459,33.19360742905711,93.1101271256009,116.19900705773227,63.454987502787674,34.35146617389347
280,19.572547891550865,39.90970702754557,63.904069319073976,111.86547687061658,50.886310684836246,19.17975231539425
281,21.18254919211008,52.808188646090834,84.28320809809755,79.75317646689298,53.07837255514994,27.364740372558273
282,27.941158457614105,66.64163856257571,35.500956807176266,108.65111834908384,51.50550665514304,18.792661099265267
283,32.87712584175662,63.751539448245836,40.933918652002205,40.978832763344926,46.57749194158913,54.34604300259603
284,14.558831342108942,62.889583426898234,53.0077967798674,60.315084477537084,42.49776335157102,21.717520731443432
285,25.152723727048834,62.712917522094266,25.00782431968476,84.29834762952446,41.56638537034398,10.6601136533676
286,29.797056113411312,122.38297101439478,57.70532979531537,81.6860414816701,63.655332853711556,26.705265863766183
287,15.553444637135033,71.14173616106406,85.50976718440269,91.55158715225743,56.32451886818463,17.866059206063948
288,11.013571164739426,73.42822496398072,76.76212212504524,90.09003242650508,54.1393063791994,19.402581215726517
289,9.108471240000753,61.31432159395907,55.24790525639756,98.69356392157025,48.578561210706404,18.52854404160438
290,14.704481218309256,155.1285899524771,41.91258296371329,167.3977782215147,78.61365910965458,13.92486319225854
291,20.35378761203558,93.1408447736131,63.94431217590685,62.88669737321353,55.313666740256835,36.242691766515115
292,7.871988313012815,73.85158110675158,30.11289404817822,179.52765315710909,63.51803072769752,26.226037013435896
293,19.162291591386424,71.83181517942813,48.89922538967231,133.7407524794728,58.950165710937824,21.116743914729437
294,10.970685643755521,83.68272379734186,45.29192670130499,123.72915002237025,61.814197386280426,45.39650076662949
295,15.989107085281766,52.838369772554486,53.81959478725141,74.48967619625812,43.074181370009164,18.234159008700036
296,11.809408083094109,54.80698238319018,64.35388738500656,161.62848587509467,68.9196762705781,51.999617626504964
297,12.39305423248241,50.99720673490728,43.01469874864878,146.61357301892036,59.49256067398239,44.44427063495308
298,11.92204576603954,49.0419345840344,35.70521664588322,146.88102187226704,55.61770056439289,34.53828395374023
299,25.095190397123005,43.708566074001766,37.8344710695256,98.95365080539983,49.91454998926174,43.980871600258475
300,40.4317009385784,55.60082593872664,54.794877815131684,104.82473377456026,56.32912126146918,25.993467840348888
301,21.762765496018854,41.717267700266355,52.48442963524056,118.62556140408988,51.86630206897195,24.741486109244068
302,21.55830589179238,98.0826698519524,82.85335458181477,83.28378518417666,59.63549563707299,12.39936267562875
303,52.38326206043455,145.330967187778,29.482506284079058,66.02154611010349,62.41581775577173,18.860807136463553
304,25.64071813358573,120.15133165444624,56.71872232873866,58.952570441965236,59.68188776141943,36.94609624836129
305,17.750521452558985,81.23416606005165,86.14320626652918,198.84183533820357,82.53174800881476,28.68901092673045
306,29.37102751951928,43.039671163848695,51.9290793378543,49.67554779108139,40.839879480310884,30.184071589250753
307,29.719458968354772,70.36231274011756,51.68141049301478,175.04732992388776,73.78967092937648,42.13784252150748
308,21.84092732148228,82.64327533716668,69.00808638231928,195.67172369593564,81.20524796445099,36.862227085351044
309,16.16914543534883,42.02875130479376,73.53215875616173,100.41946929491507,50.202873214285674,18.86484128020895
310,15.8153292997119,152.9863672798268,51.7304507440697,240.31057130185218,97.68131134947578,27.563838121918245
311,33.82093547926646,70.73161686423934,119.0288161445055,97.00147228679846,70.04042039797494,29.619261215064956
312,40.28711735035259,30.411202608651916,44.75348619616461,88.21936498924227,46.8840315630677,30.74898667092712
313,12.434329242660068,50.709809380968686,45.25080949244867,210.51189581847382,67.7824893841891,20.005602986394287
314,25.488223113691678,108.2585907197484,54.91286246462017,89.95310835119876,59.84585379880768,20.61648434477937
315,21.52676708020401,108.9791205726328,89.66610869310642,157.6461199764205,84.6391990736659,45.37787904596583
316,29.075611259343912,127.76232313873493,58.91397509087759,156.00511377911462,80.42998157560503,30.392884609954063
317,11.44739407682085,113.19802502826992,48.44099487612643,143.8452958716089,70.93986976203887,37.76763895736819
318,18.448886150242757,49.93712524309094,134.3305330442931,52.411343743588155,57.969115504284574,34.717689340207905
319,23.677165666324047,62.408977022073344,46.53082483807451,139.11972039726973,60.21153190449047,29.320971598710713
320,11.473559616622202,108.94165536573824,36.61871624564621,113.4406889448448,63.69822305306072,48.016495092452146
321,22.964100710733373,54.537154294832774,55.286528573398066,110.17201217171811,54.802840635204745,31.05440742534141
322,20.22019433653455,92.23521661183042,56.992115821463024,89.6565293813273,56.7692652300438,24.742269999063655
323,11.049189619240293,75.12875815598649,70.7892238780405,129.53383559331505,63.91814363703446,33.089710938589974
324,29.85133635165511,37.716115424550026,99.07425953951979,128.17786923205318,61.29332460136862,11.647042459064965
325,23.39377430976789,64.84717388799048,63.94470050341366,146.72579466363666,63.87511428364627,20.464128053422648
326,20.70416538028366,63.43114682260794,119.51655783406011,144.50571119934682,81.59098652255133,59.79735137645808
327,18.86076719033395,85.2856717892697,45.430086661345285,93.67585840538118,52.13560935910127,17.42566274917621
328,13.801944105610088,151.70579336242997,16.15388518186847,56.19939733968488,59.43034802925379,59.29072015667551
329,18.77952666972294,42.85461262817562,53.571360510157675,89.4113755914071,47.083821003646605,30.802229618769697
330,23.666331710278264,65.16815700852494,126.65332267319012,132.80883638674908,74.96981679271975,26.552436184856344
331,13.173389228040595,61.12669873265609,43.53717799118738,68.67565880128443,52.654298329050064,76.75856689208183
332,24.907445313458627,170.79056426573285,45.31847652931445,79.60339307186612,68.10061151834003,19.883178411328117
333,21.708771561862356,68.80998673192097,42.234342710702734,104.488771801261,51.420703027087555,19.86164232969068
334,18.48964987217306,103.26619338089455,65.78751248935588,123.93874619762335,68.61550575009679,31.595426810437107
335,45.91223397897993,83.57767636918764,52.20672899336067,321.11397146836134,106.39981027076645,29.18844054394272
336,14.615962346075438,34.5936969560045,43.74793775409194,90.37953967319886,40.58611770469862,19.59345179412238
337,27.72424543299616,94.54216365653201,31.578434356035363,83.18443958162922,53.28885551826258,29.41499456412015
338,20.112789614273634,81.84873020041886,43.604625096118994,169.44438066365282,69.86767562946001,34.327852572835745
339,16.103841052122903,91.72140820945096,50.14194896475115,227.28597732592584,79.01035443037395,9.798596599618925
340,40.61027681301016,121.05910157654759,143.86451552093357,166.7501925042324,98.99128004888098,22.672313829681148
341,18.874602207267564,75.32467774031414,49.74789241566805,71.40032230970385,47.75567847747968,23.430897714444743
342,16.30455702594538,121.40525101889803,51.87108407504447,154.05418769446962,73.1144155081514,21.93699772639948
343,18.4906929534962,62.47055221203213,107.97984655498968,117.57155635645462,69.91441388891522,43.059421367603456
344,32.727059991370936,39.302858353613786,51.14516232316662,148.17038894067542,62.428578573867924,40.79742326051281
345,15.85094315556446,84.95371471841088,33.5423329272989,60.59191655772674,42.34246290874013,16.773407184699668
346,31.126854133956336,88.49709667361593,70.61082558052452,128.10833471506004,66.05048084748553,11.909293134270852
347,11.061626643707601,66.01790300050854,80.56277624095709,94.26726111884714,59.32842545730088,44.73256028248399
348,28.131280222647842,72.13021353143041,52.59165791755625,77.65001692086894,51.0312367031747,24.65301492337004
349,45.90128309647944,50.098794389219265,20.333763892509392,75.71972508101533,46.335460760019615,39.623737340874605
350,20.580346136408203,23.7240803305791,75.62983321036869,111.85516284991004,52.610903184301016,31.26509339423904
351,24.178881142345375,95.17726811914919,58.236632530015726,92.58342533426784,59.12733055639172,25.46044565618046
352,20.441713421879754,53.144816065063324,41.71863648221509,87.40056321039827,56.62026963166965,80.3956189787918
353,13.442608436545628,70.41240986418094,24.59309301469478,174.8813412587929,64.63387939601279,39.839944405849685
354,18.13083435140708,42.60576940610104,40.79046490463492,76.74556505061581,47.14609802476384,57.45785641106033
355,23.631856802349713,45.29397944289841,40.756049191892515,112.47297955156832,47.17617996492538,13.726034835917956
356,23.65731801008925,42.033736325513175,31.378631865476958,57.614520575651696,37.61817135349327,33.406649990735254
357,35.94942943519862,108.47952253541733,45.11693293231999,54.41443966730212,54.03288512468893,26.20410105320656
358,9.998828840283476,97.52233601257923,36.58382159239386,209.53673618372412,75.63665132830312,24.541534012534907
359,21.912237557662753,54.37844920420144,27.861778319202884,153.42998476010226,58.58368020148675,35.33595116626443
360,21.18292534337458,47.930753208099695,54.90259676274742,140.38456014589352,57.07657240567147,20.982026568242098
361,23.50983497227382,29.28011061571139,30.313228737761342,70.58685770327683,39.77833299995955,45.201632970774355
362,24.05258514720582,35.77620582158429,28.433721245538838,73.78313537496949,41.420085488917955,45.05477985529131
363,13.156032483863877,125.84659968673563,67.90205310250178,168.68211163439685,82.95993209561465,39.21286357057509
364,23.2485303056672,81.49658945005558,76.98124273721513,122.88270785501057,65.62869040213208,23.534381662711912
365,22.531118427714826,60.451809107239676,34.94362532057316,76.11525301735905,43.71032390284705,24.509813641348526
366,24.552206339185098,35.76744731300576,96.61477792851221,142.19337510362394,72.92991928129648,65.52178972215536
367,15.454203910896904,127.37141398387726,41.31579633006519,60.07349965438572,53.54933005979923,23.531736419771068
368,22.225990771310826,61.876505803758,88.51466066695085,180.05772429934726,75.1832289897276,23.241263407271028
369,12.60965200755657,100.21019931196793,44.27515415988831,131.64300905804154,67.821934251975,50.371656722420546
370,14.624119677220548,79.40805972560813,25.63578637815114,149.71000970127548,56.5194555961385,13.219302498437209
371,14.197871948278168,55.386670019910206,70.55263381309473,52.33287053795256,50.043710510179245,57.74850623166057
372,25.948759368621808,41.58463011303851,46.27065534620156,121.93678924393087,54.604237355524106,37.28035270582776
373,12.70424822423319,93.15337982468691,76.07959520273747,65.56545035859965,57.975152646806805,42.373089623776806
374,21.883635675683458,61.4365996952505,75.8636394997651,102.7745496384046,58.847251319469365,32.277832088243144
375,10.170880238978295,126.1135972686927,87.29600051142548,59.35424474063189,59.64441694043967,15.287361942469978
376,19.662994511163603,51.047225188862605,147.64658133555193,58.98302872101033,59.17842323016488,18.55228639423592
377,19.96517021705522,55.50021306147967,28.04492672584551,133.51988992042504,59.556524436074426,60.75242225556663
378,27.69617698180767,18.40965297104277,46.607153583944815,83.00400852616266,40.00281226481249,24.297069261104507
379,43.95343071759422,96.86159296361471,41.35055322895694,47.19823233516269,55.44605102513193,47.86644588033102
380,17.46551225579265,114.45255464658284,29.36984581283408,130.32603299104332,64.50096189067338,30.890863747114
381,42.51698789926978,65.88022417724223,56.48470119106361,143.59839990701744,67.12771005088139,27.158237079813908
382,28.27705801229295,193.04793921057285,83.70719160125662,126.40883294967696,89.95194758230178,18.318716137709504
383,18.26971558532944,85.19909872138508,37.87863119855742,285.1647860557807,89.71110581102398,22.04329749406723
384,27.76459478808655,168.20017412122206,50.68422561945097,201.17076920485135,94.84228685915797,26.391670562178852
385,13.263829365948306,81.93672506542545,64.53617134728816,240.32016842720185,87.81120996682048,38.99915562823862
386,14.64649609586004,85.75795533194582,64.72959451782158,113.68877675680231,59.78653550426515,20.109854818895986
387,41.734531898823974,65.32925364544411,91.0810036080788,131.92927029377566,69.98421780009026,19.847029554328778
388,22.745700690701888,64.32063787333482,70.38712513620386,96.21250511905973,57.478141558488076,33.72473897314006
389,36.71439212338915,62.65373810842936,45.924796567211246,123.12598426732895,60.1316851406024,32.239514636653254
390,17.466032355376843,77.50405074588089,67.30948252607138,81.20685727690173,52.810301099739114,20.56508259446472
391,22.026406932091213,79.80197819876325,36.10072594326006,52.33269488429702,43.18388857197998,25.65763690148835
392,42.865006855019914,64.48396317213916,64.02330597107476,59.036849374384225,48.00107787852239,9.596264019993878
393,21.495460556042,89.15031892858666,35.98989128271649,42.88010571281334,43.053720140004664,25.75282421986481
394,29.950092685747183,113.88347487538122,70.03397707120993,128.5726317288125,73.66201786103633,25.869912944030848
395,15.192230672194741,126.31263469887745,49.46176359593902,87.16347323457398,58.14426839921916,12.59123979451056
396,13.60531377702704,113.5102306388368,65.26276779056067,43.41763295985394,56.94667741418456,48.937441904644345
397,20.278584932544984,54.54100239503342,84.50321904969063,80.89872353450703,51.8545775734369,19.051357955408424
398,22.62266938447564,95.08305290903166,53.66455495063675,215.86899600449473,83.30451007110864,29.283277106904414
399,15.848727617937177,32.03823544290477,48.97471572114273,80.5229464145555,39.59531597999768,20.59195470344821
400,9.929737596844443,100.60973689316334,163.64414018732037,164.99151353298814,93.06148148349614,26.13227920716443
401,12.575790163517128,42.92004883886216,60.29026923896259,80.4183951114883,47.35983132504225,40.59465327238107
402,29.216467935937125,107.73835596669011,39.184633974234956,96.19688129623059,61.81741720611982,36.750746857506314
403,14.785123165900039,33.83197287574866,129.255822368137,103.19894016378686,62.08362045109922,29.34624368192355
404,25.386769034099775,88.12651771104308,41.37416924972965,178.42062543777706,69.11808201446948,12.282328639697813
405,20.029106599272314,52.2292337462366,63.22691628412444,283.40749005768004,99.44364380184007,78.32547232188693
406,10.596318816645635,50.39531944296005,59.94731911257382,91.77066225113239,48.83256367149797,31.453198734177946
407,25.109877224170905,69.40916512546727,57.40912006721047,109.43471348528976,56.748777032975056,22.381009262736878
408,29.222911178687713,101.52836462026157,68.53295486596855,153.82645510539507,76.58424016257715,29.81051504257274
409,25.566441395663585,110.36815202050553,37.46355294200278,129.17569017492485,64.97660622319329,22.30919458286965
410,22.569566591434395,30.94496033575568,75.87495125001907,58.55694415517248,43.64433813592037,30.2752683472202
411,37.811245317779196,69.10576684494458,32.18811114313142,401.13331512941244,111.72577338142065,18.390428471835676
412,44.75460630759247,27.787920694777743,103.96643309332354,173.0309569991936,79.00987161133678,45.50944096179651
413,18.574757529507373,62.592361251924025,76.2190714593151,77.06189601954918,53.28023729304308,31.95310020491971
414,19.42720523131278,48.07607382750227,44.82223569957446,184.59761320641857,66.53596442866818,35.75669417853281
415,24.857874476734562,70.30917079597239,51.65655194014003,180.66984132002207,75.85094420167361,51.761282475499
416,29.389566370528172,31.607581958349694,36.95697364908191,152.1248362805834,54.605330245561774,22.947692969265674
417,19.4686954121688,81.83302999257172,85.32827683286976,135.18357828779293,80.86724247939743,82.52263187158393
418,14.03068064187089,92.56244406617078,42.01215919489833,196.05074593857384,76.12739228936016,35.98093160528693
419,16.46036372080465,36.966818916292205,104.88916743244008,152.06231797926264,72.51231974961716,52.18293069928623
420,17.67103395391509,107.89750240954811,81.65861199019884,69.77656810891246,64.60472400805418,46.019903577696375
421,18.30513751645598,61.51787310934364,47.49566960408863,93.28662440310313,48.913131797790776,23.960354355962483
422,18.939130302402962,64.07484224545227,45.74809186812446,115.49769463867477,57.95512950394687,45.51588846507988
423,16.936414535167742,44.735566057314266,37.20856943194804,80.52435335535267,43.605036477080745,38.62027900562099
424,25.33509909228731,127.80211140511712,73.44482203007713,107.68303660162394,69.92679590991021,15.368910420445516
425,34.49408249552204,42.89540347784417,44.263586216100904,208.61664547712346,69.90817417202678,19.27115319354325
426,30.26639580784662,116.09338095525399,55.65570783747198,86.3493529380262,62.389183669336994,23.581080808086163
427,15.678917126154197,49.317059277532756,47.38047391028602,131.25268495500276,55.97594684707145,36.25059896638149
428,25.931132595030714,94.2859723119961,72.71565237399733,85.71960073569394,62.47037264652782,33.69950521592101
429,27.204431701117752,58.386605176874646,38.70972615997139,130.32358866194144,62.80179263446358,59.38461147241264
430,20.467300997997143,57.38887394159698,61.196384711698485,114.38078122423323,64.9550556516208,71.34193738257814
431,27.969302310925134,92.2632472189738,41.107507769757106,111.3163129554234,62.01217651295488,37.40451230969496
432,14.522607332829564,73.01189731965003,65.06931365093072,173.30844282731022,72.94455303130357,38.81050402579726
433,32.1411691863425,30.119123129476094,34.26558534333529,176.1395327599061,60.19441516340066,28.306665397943327
434,25.07741424810754,101.80511435951574,28.499354923964408,74.71109760039445,51.134720841846224,25.580623077248973
435,45.98495794971028,53.81689103606693,32.06763489710362,154.41724028759833,60.90830454391397,18.254798549090673
436,44.39443079360074,92.62727031023559,40.22261321070875,66.84492806471377,53.014306850222766,20.98229187185498
437,29.99754345321733,29.431089103850162,35.6640295974996,103.13755963577405,43.41750540897546,18.857305254536154
438,23.62673071396515,64.61744998628551,39.27178661477714,77.6428395020634,47.141504635163066,30.548716358724135
439,19.459137274930615,61.6148766767355,53.921589113606046,128.01429323079734,57.32217380340968,23.600972720978902
440,26.669394338468337,55.77158853707575,83.85509708575094,67.64730063612234,51.997794324774645,26.045591026455877
441,11.943568419571124,123.17180441485844,53.212696999923274,176.8020056989517,83.66873702669713,53.21360960018106
442,13.889908459600145,91.73263800301208,30.64373913538521,136.23243419364366,65.38114148128938,54.40698761480579
443,18.420782270688093,58.95243572545123,85.76469293055075,140.05748997638014,62.749316538325445,10.551181788556967
444,19.146848087971247,43.26525361473228,85.6834414075155,112.58397924650814,56.203452504677,20.33774016665784
445,20.79760832538334,98.54797079822343,78.8330677523541,60.37458377804373,56.97113864768897,26.302462584440207
446,24.026270220095267,117.5832574313663,45.10084908128811,120.93175318297575,65.60225182795028,20.369129224026015
447,26.21923322574737,122.24700761240796,48.744822733815816,59.64060545453932,54.35401440502416,14.918402998610299
448,12.425518828330262,112.14767748322207,37.71685974365535,65.19397478616646,52.0460614316745,32.74627631699837
449,39.80949310850477,39.32335560972682,46.00491083321581,111.58206818493495,51.05416248472186,18.5509846872269
450,23.058432329598034,34.023364561622124,60.70705708893202,124.15985450915608,54.90218480224269,32.562215521905166
451,18.45882468897153,134.45969519829455,94.0636359137726,99.33757942860231,78.36509579014731,45.50574372109557
452,29.193232654301376,68.6345605111197,27.219218395943088,107.52524270395979,52.5719203956186,30.287347712768998
453,12.839620850899268,104.49947803401359,43.630841962924066,153.5630036734155,66.40301277628116,17.482119360153362
454,51.415539392984996,105.11442259745746,75.32032843985088,85.36325015614356,68.38129130414504,24.69291593428827
455,39.46972102549214,122.92647373816709,48.7163182848834,106.76830339383753,66.47044163423551,14.471391728797396
456,21.07648248092161,127.27782626413567,92.8458733274306,81.54408551347314,68.82221830147432,21.366823921410564
457,10.652967565770153,130.655111701614,45.17074105256079,94.95365977632184,60.57300220985426,21.43253095300447
458,24.9763166834189,63.17420580825677,51.237386337082256,98.72861102089131,53.54114534585942,29.589206879647833
459,40.13149754722408,44.333810052803365,112.08325476842154,184.21334473811524,80.21884365771457,20.332311182008624
460,26.13328263688628,63.92679274408613,44.874350463927485,175.88828268214516,67.34878505097973,25.92121672785352
461,18.844463380693767,36.43035592381106,59.08475172511341,193.88693023973704,69.74932160018486,40.500106731569
462,26.080717596790414,82.4528321468612,79.59245752623768,201.4650104997199,84.54658781895489,33.14192132516518
463,15.480074464031665,133.35231497185143,16.265623687774006,136.63099530991093,65.89402888423238,27.741135987593854
464,29.142532982151447,112.25092647370585,89.01149985707342,180.12631709999565,87.71421732898798,28.039810232013604
465,20.232538891206385,36.601596640950284,95.47682278698228,115.35579139286345,59.65214473128104,30.593973944402798
466,19.345057587221053,138.1879532723175,48.84229605844527,62.57163926184114,60.91812402425525,35.64367394145128
467,28.355574179308153,70.56714330164849,47.75354459818595,245.80018313028168,84.38970246859549,29.472067133553136
468,22.776770234070323,68.67749167140082,36.893433068546194,106.94018569191842,55.31506659921813,41.287452330154885
469,12.094994390406557,65.26661186725038,46.37824134032706,80.9493734222486,45.86541853786976,24.637871669116187
470,20.947071326356888,104.19383645198,39.29972296515424,89.73257139341172,56.65641529369288,29.108874331561537
471,26.476993008473187,81.45853499665004,104.49651008624161,90.59271219626771,66.12343851629115,27.59244229382315
472,19.36890778571403,51.68985786278616,33.27045890055334,117.96023896718374,49.58863413540018,25.653707160763613
473,15.341417762092084,93.50920127667467,46.04305431431991,137.16103446981165,64.47890988306156,30.339841592409467
474,21.93728691302277,75.72435387705428,61.61823723962229,129.18411528139202,61.628370820970986,19.677860793763557
475,16.485262096944236,44.211160271547094,97.02921000908353,62.33953183293001,50.527605301666966,32.57286229782996
476,21.300401216324943,82.29402925169295,70.25809340763047,243.83405149380076,88.21520359244184,23.389442592760087
477,12.801212483965935,59.64449211835014,33.39441727751137,113.03136334320405,47.02627549423095,16.259892248123236
478,20.454383199869604,78.57989084860502,60.05770267820583,169.11468110895999,74.29682903561404,43.27748734242974
479,19.79781844237806,85.14641562512013,40.09897497538005,452.0634497290666,126.15210930754411,33.65388776577564
480,14.25834852045067,36.71653703084312,68.79003964512509,134.3848608547045,58.459913626912844,38.149782083440805
481,41.49045218226117,77.94340957014637,22.071483695033386,203.9787844913369,76.0709844544202,34.87079233332308
482,23.707570604691526,67.42388356272477,45.276475185179706,69.3549427172838,49.34392413248075,40.95674859252395
483,29.742627250667425,76.63121505569985,41.92275159410606,90.88894487374127,55.081928343558225,36.22410294357652
484,42.065703501861385,28.804308847957298,61.92816945427694,170.41630829539793,64.40730021860688,18.82201099354082
485,19.023040569225,46.15832752331931,93.9584860745839,68.94533852597826,48.59140199351971,14.871817274492113
486,25.070574036275215,91.39628960804316,65.59713888319513,134.0150981912296,72.90203830194554,48.431090790984506
487,46.28405189665742,62.82773937708555,39.700586703563246,128.22354787503113,59.587868229129114,20.90341529330821
488,50.68147814773185,65.82786716172541,31.899062245495195,101.1576483820246,55.8923352963238,29.895620544641933
489,18.00696765748528,63.71067890712316,25.74988282290086,96.12458495084994,47.650295769373216,34.65936450850683
490,11.906994610512278,144.8487855868529,26.56958304519358,149.93805524552857,72.18087136370369,27.64093833043115
491,48.055720442767786,37.363526047375224,56.442429634745494,137.50510828720738,61.26624384840932,26.96443482995069
492,7.924653135545862,79.61842594833082,51.83088066481284,101.63689766276852,56.18767076553526,39.92749641621823
493,15.974990133576513,99.87551079649772,55.5589682126809,99.23512682298455,60.836604085493995,33.53842446173025
494,37.924835703377155,98.22377690469455,35.1474470974457,101.8170332705341,57.19834541114042,12.878634079650572
495,34.44395913021236,61.15351914809749,52.4087690649928,112.48267447867876,55.56447479685286,17.33345216228292
496,21.822531412546166,77.1151741921655,52.11012496434475,82.30160211735611,61.18385868436974,72.56986073543615
497,22.7376240898888,89.61814963363791,45.05415949279381,84.71742204497161,57.07625485330102,43.25391900521296
498,34.12658161002163,56.73256291297423,37.84418807999474,109.72462825512119,59.056075263881915,56.852415461297774
499,23.05536244609793,90.71847003917165,53.63189162462808,59.77429898808093,48.272887170694,14.184412755491364
