,KY,MT,ND,Portfolio,WV,WY
0,241678.9587159745,565352.9838381512,520908.729410183,389443.8078525736,144879.81375322852,474398.5535453305
1,237200.759952461,554335.4981462407,471339.8311077544,372383.6046963503,155492.0189568988,443549.9153183966
2,252249.98475096218,607816.4421502772,542464.4681672014,410255.6708993444,147139.98783525353,501607.47159302724
3,236643.69021634106,576727.4456195625,514246.3257741893,383181.733357966,154454.8037007779,433836.4014789592
4,231081.72241606956,589839.766195446,522045.0722097503,399174.0875935313,156824.08815694306,496079.7889894473
5,242652.95395562777,594235.0105053488,537513.496445999,399298.1678893382,156538.11886520952,465551.25967450574
6,235741.74199513526,583968.2869455708,493027.7198756274,390445.62994406646,154291.40799995343,485198.9929040453
7,233071.42480346494,607907.6323425252,500187.1076626594,393555.66124617576,151491.1582205892,475120.9832016401
8,225125.4638476776,531551.5462420587,463173.77021417365,377378.86204090447,154836.40154102055,512207.1283595915
9,232518.74110367135,557009.9087495652,458694.9059829454,380544.256797345,156323.83463412337,498173.89351641946
10,231496.346959731,607998.8476224963,501224.609636418,394904.1440482942,141195.19518701886,492605.72083580686
11,218130.36136858957,576238.5054589944,501026.3221643852,387911.49385367736,154587.11298441596,489575.1672920016
12,219396.30887252738,589124.8672391168,501961.8564436378,383665.867591545,148179.30430559866,459667.0010968442
13,240468.7914074486,595488.4542968576,515698.6039812477,392317.1223023649,146141.73816609927,463788.02366017125
14,227738.25185324237,610213.4323514578,528840.5291404511,399119.0903825211,155616.13632211322,473187.1022453409
15,226045.56114511957,569204.1195649038,524113.46808149625,383492.66107164114,138575.16115580435,459524.9954108818
16,231108.91874085108,642957.0657069806,533714.5151646528,403665.0315581296,135811.39232248097,474733.2658556822
17,232291.4018466325,578569.3960610881,514511.136142213,390247.76994599146,149129.58974507105,476737.32593495253
18,250268.67812067026,535177.9024060012,437031.1491343796,366041.0339717836,144843.09308142652,462884.3471164404
19,235019.28352157658,667531.8263469569,450423.2126083153,392794.739487806,144655.4586840338,466343.91627814726
20,238156.93255144788,539569.4119129262,492065.96522851626,380001.55841159134,154662.867029325,475552.6153357413
21,245824.8673408704,563919.4461524963,475554.44221677934,383484.3479645723,147269.1143911428,484853.8697215728
22,215747.24103039756,607597.1251541829,493098.23745884583,386247.1231109362,145866.8272617514,468926.18464950315
23,232643.76623047207,607353.7492218849,495822.95872234437,393443.13647128723,155736.35262917308,475658.85555256176
24,227807.47079809135,583244.5981393096,483175.35570236464,385214.47582243185,154146.67995841862,477698.2745139751
25,229125.56331952507,578801.4847554357,503448.7966764882,377498.8939815861,148391.61394089228,427727.01121558907
26,262156.95629510365,565183.4910559178,504298.98907727306,389133.0040183947,139657.4007910406,474368.18287263816
27,232257.78806385578,612917.3334399231,498949.4023324243,391098.1197045288,148415.66110149343,462950.4135849475
28,237509.70213001085,638279.1257300356,467523.1845044162,391253.07215943345,145585.43009429236,467367.9183384122
29,239861.00866122285,583824.5469913678,504426.78430021135,383921.0504843962,141471.21353179344,450021.6989373856
30,235827.0763178798,584403.9677111539,469044.22724175884,371459.5978678571,143378.76575176866,424643.95231672423
31,218529.20581774303,566064.6372506513,474405.8679035198,373977.8063786564,142999.80680008145,467889.5141212867
32,228107.10124908693,587093.3056621851,529668.2316224681,391025.6521422517,147564.61573938493,462695.0064381335
33,236558.32706089522,617296.0582108636,476485.14425044676,389258.8763008232,162610.1628985268,453344.6890833835
34,227455.22374791023,545839.044432677,505532.2673622932,382864.85943886824,147513.76060094105,487984.00105051976
35,246948.05525755932,548130.5947854032,503531.8056055005,390435.073692175,149937.4046910428,503627.508121369
36,238932.96143059267,566791.1712195243,484111.2677672424,383007.747944374,151319.63403786995,473883.7052666403
37,235579.71828250395,519259.6234015783,487350.014055083,378933.7037744733,158498.12930958066,493981.0338236205
38,244602.8174629888,614642.2405379574,498239.4085319206,388105.7439375102,149710.42602785915,433333.8271268246
39,238000.7749418052,526189.1858431932,490111.21500923793,370095.0110057108,144518.86188003983,451655.0173542779
40,227557.7790621819,614002.2776280129,513333.6148044631,392191.55686189997,154339.79598791513,451724.31682692666
41,236158.9710367926,548865.1791470568,520594.7223033001,384261.9386685974,145146.88350216165,470543.9373536754
42,239512.76121570906,586046.0828258657,539587.4764272285,395447.8771920493,151943.78587925786,460149.2796121853
43,248776.43276200647,602621.9297988701,450849.2610119958,389259.07398419874,157291.116900777,486756.6294473445
44,238869.59412816452,578931.5735566561,493055.3350212247,385532.7276787367,147830.80770907717,468976.3279785606
45,247138.2185084102,593637.2082455034,469096.10649906175,399127.79402732727,146340.28260468072,539427.1542789801
46,234204.62772477415,603081.4142666797,516637.90016431746,390035.9749968221,149602.5961843142,446653.3366440249
47,252328.66786735973,625362.033693103,476961.57951788785,393979.61170642293,148300.2146994923,466945.5627542716
48,240629.42752229932,649026.7724623099,527498.2706152924,402441.1111781714,144148.34836199094,450902.7369289643
49,224531.94212737077,597439.5373156915,484893.915382723,384692.91579960583,153846.07997848222,462753.1041937618
50,248181.51442419027,582838.2708449851,471086.1752713231,376215.0254075066,149464.51554883755,429504.650948197
51,236321.39610729122,589143.3574060784,476114.162457214,384657.64146372565,158801.3634932783,462907.9278547663
52,230742.7135768789,547897.4553682634,456822.01461393276,365665.1979658372,140639.03910140117,452224.76716870995
53,234249.02548790094,556995.7339228608,478143.6540240529,375687.47065632546,150250.19517030858,458798.7446765041
54,230643.73774912,610877.7496446475,489439.10874705046,386968.97353482386,150953.5747556806,452930.6967776206
55,239402.19424473148,560813.0708603902,510748.35312927875,390487.53389978444,155260.27326590993,486213.77799861156
56,226034.96694423078,572913.6928686458,475005.688819859,376182.3279893034,142416.8404099098,464540.4509038715
57,221504.5416970779,598332.8484287043,526833.5064321423,386654.11544171546,143741.98891400005,442857.6917366527
58,234689.03748727316,574822.6639849069,475782.9543256914,384332.68990542914,148182.02753665266,488186.76619262184
59,246189.72202066178,586291.9756143806,497776.64837139193,397538.7203854928,154630.86599129965,502804.38992972975
60,246258.55618849996,611809.3547646226,492427.3616865822,391254.1241131597,143756.2431543606,462019.104771733
61,224089.17522310198,583435.7974278519,479891.6416031325,387856.79933427746,159958.63114110066,491908.75127620006
62,252420.90797432742,592089.9080015366,509603.6374144699,397595.2345423937,158010.06311744358,475851.6562041911
63,233271.08876751445,593774.5510895924,471496.68783289334,387211.85944283276,154515.7568740724,483001.2126500912
64,232861.66804116374,597160.8245063366,484060.96752622485,379128.78890275635,149745.0451850327,431815.43925502367
65,227705.20211428936,623125.5348556525,498919.69063193636,388331.7658220059,150440.86057998738,441467.5409281641
66,221140.42300619723,541396.5600156976,506494.10794555704,379743.1923251497,152471.9928023634,477212.8778559333
67,230543.7278561406,520795.23126581276,539777.8768038483,383347.74535264954,151982.35435864105,473639.5364788049
68,243719.50801398847,559821.3338615706,522082.00440752873,393820.53538664797,152222.35605610587,491257.4745940461
69,218932.54608148502,557286.9937932098,499559.1890429609,372927.11836627655,143576.7255846135,445280.1373291135
70,232336.37647866318,578171.9141942858,546071.6004993764,392809.98381465423,146505.68143194183,460964.3464690038
71,239187.10661357568,601260.3756991869,516744.2025461828,393469.7614444671,151952.48561054442,458204.6367528458
72,249427.57462271076,553946.1266954247,475238.7748092927,377754.2981245759,152951.4161151294,457207.5983803215
73,248246.26085379205,586053.4273767127,504336.7415164873,390846.25416374893,147504.54447033614,468090.2966014166
74,234149.95630003713,604593.6983831978,475487.35994068725,379976.23350542726,152401.72185774255,433248.43104547163
75,238835.91594855595,588632.7869124393,527338.3942939461,396535.8546599801,145956.7805208041,481915.39562415506
76,232367.36781827107,525001.0525293748,497605.90765851195,381080.7500634458,146988.42469525908,503440.997615812
77,229049.34500230127,587667.5875523848,520109.65636179503,399023.5882419229,152410.3649112405,505880.9873818927
78,218690.0262337729,561054.4941937989,523196.18736176094,381658.09295189264,143770.88431597693,461578.8726541534
79,226615.2609233821,579270.716130381,544183.6343862725,392140.21692706837,153737.53778568684,456893.9354096193
80,239645.05867371755,610609.1442637647,521666.1683475573,405900.76409598265,149547.70970942557,508035.7394854483
81,240292.3708577118,575377.8698160151,458604.9184655814,376308.0995965381,140350.99226784668,466914.3465755353
82,238518.1248987941,606487.281642623,518250.36849539937,389734.4970118542,152134.68794546378,433282.0220769905
83,235632.3439327107,661484.5742422314,483958.67006094137,393466.5163603251,146197.36447584172,440059.6290899002
84,241705.65044806423,560398.3375537937,500665.3363786631,393561.991448245,160964.79642557466,504075.8364351292
85,235274.27192582705,563233.1345591852,532809.0347890661,401065.5063812542,147323.6392301154,526687.4514020771
86,230481.90837005601,557412.9859772761,459022.64138198167,381186.4946245042,151189.9212096545,507825.01618355245
87,237131.08638664908,548243.296250836,547942.7355406459,383092.5009146311,158382.0752717475,423763.3111232769
88,217596.1920995729,540771.6526859864,467787.1060768861,374700.97469962545,150736.56707828838,496613.3555573936
89,248115.69202078698,555203.8507155319,491465.4042301765,383177.01280761126,139352.72440704284,481747.3926645181
90,219015.40373175967,617179.1846236994,477324.2092808573,394080.48305549315,146825.02265296652,510058.5949881827
91,250233.20968349764,546007.4788099825,484840.8690737172,381621.3669486452,144968.37113841582,482056.9060376127
92,235498.65272395496,560118.8830698822,487900.3075535925,380406.9259128339,146524.14621544795,471992.6400012919
93,226937.89969269023,639433.3024263683,485264.4465636488,389753.3522982098,152996.00228900925,444135.11051933223
94,238233.57711832246,586985.4879823945,478039.08001731196,383528.94093659555,155206.1758657742,459180.3836991747
95,240457.71943985525,642746.6352544075,489104.4174889578,410463.671951848,146716.37136768762,533293.2162083318
96,235028.67460459739,579270.9235841475,519022.3839701891,396625.5774541889,152909.51796878825,496896.38714322227
97,229283.14273980903,573753.9803243239,482662.38702472224,378861.0538878478,150829.40023971043,457776.3591106734
98,225265.27399403084,573913.384482945,472533.8202388583,373284.7029913958,145206.8047899336,449504.2314512111
99,229804.1752671697,580964.8960165334,492092.0226897749,383802.19734290335,150908.79041633222,465241.1023247064
100,243081.5590661332,579680.7815779063,474900.67869537993,384744.8623858761,145029.5611459944,481031.7314439667
101,236379.79763051984,574642.8114347676,495803.7945312489,386800.45176015777,145987.95090348192,481187.90430077043
102,235860.3212050675,592645.648746569,497728.04353048664,390414.2177203951,149050.77314062472,476786.3019792277
103,237372.75526202528,642807.5103292334,487095.6721814888,397287.492867731,152243.5490182814,466917.97754762624
104,236399.8256562802,597665.9722611717,484848.6873667358,390086.37735643954,159106.09894936348,472411.3025486464
105,220996.20275180542,550075.2961307317,532154.0304437807,386735.68110565445,150017.72112033798,480435.1550816165
106,247487.5863028284,566594.9959345977,442584.3716428058,374188.8696024179,156367.0347551367,457910.3593767207
107,240431.1448529816,572819.1157079827,506908.78245972784,387170.8156163632,151296.76436759613,464398.2706935277
108,258645.65139302413,573347.6345074285,477855.76063822175,370617.7269531498,146975.17223333244,396264.4159937418
109,227562.60769919798,601368.5259254492,484446.3393481129,387383.18956004473,142716.66670052795,480821.80812693556
110,231325.61854195307,607184.6404826795,477216.00184596475,380815.7814445271,137862.9660994919,450489.68025254604
111,222512.82280921307,543624.3035362709,481903.1558968044,371989.92496087885,152117.5496815538,459791.79288055206
112,227848.21368170553,566522.6276990825,517630.41523809836,389004.7631135277,151991.06155298185,481031.49739577033
113,251986.2671685032,602054.9553039607,477174.8285898925,390296.1227350163,145082.2119790344,475182.3506336907
114,242561.49334153006,585345.5605637196,502235.4061470892,397822.0345278185,149361.8363017194,509605.87628503406
115,229953.77902400307,634838.40156963,472136.39116491564,384210.30539459595,138798.75224706164,445324.20296736935
116,241496.86399188935,635628.1401289123,513006.27913153317,407515.4365380171,155285.1272145346,492160.7722232158
117,230078.427838004,599357.8017939109,492840.8630999997,391432.60569132736,157144.535331901,477741.4003928213
118,213401.7013161851,619155.4672978941,495339.90266252327,388991.16755548824,137295.8186613291,479762.94783950964
119,231661.30000144025,513277.7496902976,511643.46606510325,369301.2701964353,150032.6716486013,439891.1635767337
120,236661.79227988116,597554.8694559511,480150.92651677586,384601.80246837565,148168.79361491738,460472.6304743525
121,219070.1707682386,569749.5302764486,479296.10696267895,374823.8561715639,148863.72902783737,457139.743822616
122,235472.11784417753,615146.0860361891,476564.6229383563,396092.8080219354,151125.6503395606,502155.5629513933
123,227818.5796907584,566432.9324112418,491872.90637089335,383234.0923091528,143384.69139996587,486661.35167290445
124,232687.88596791017,642425.9513434,486752.025789166,399572.5729588935,161604.6505100089,474392.3511839824
125,224263.2716528718,544942.9090942452,491032.5114167239,372102.819544915,149590.242798648,450685.16276208597
126,243705.62013312642,567601.1448412463,489374.2928632952,389275.8301969032,148001.50993776874,497696.5832090793
127,235726.08946508777,591717.2349059404,501675.3924271443,381621.8525250992,140900.16119615236,438090.3846311709
128,226591.03072534272,552023.5038440893,517334.12554678065,381023.13660176686,154379.20674429947,454787.81614832196
129,252092.85316678204,623911.4493024417,465191.1639437678,395187.2944259008,148774.52946254314,485966.4762539693
130,235894.54762812774,587928.1396184386,536358.726642675,392680.52000395773,150334.41907823618,452886.767052311
131,233125.555122166,587485.8421818599,460008.24042059586,375956.9188997894,151161.97087194244,448002.98590238264
132,236604.5078696437,623872.8106322475,582326.4292828421,410008.57280505245,144342.62001135616,462896.4962291725
133,223508.70217746115,592417.5294665474,515011.81649090885,394675.0977715084,149833.5516522063,492603.88907041773
134,229033.6302363995,577756.9054805043,483102.5846247219,379386.2721513271,151091.43786570954,455946.8025493003
135,244377.43631240044,524004.62355880113,468612.33932829776,372065.4022806671,155030.60930077604,468302.00290305994
136,244488.92758312932,563396.6972523469,512464.85183184623,387502.5957268226,145271.9963458454,471890.5056209451
137,237636.32933130136,607723.2370662478,481742.91025419807,394478.8537515685,154396.77225048855,490895.0198556064
138,233305.40510391674,619346.7465036106,511280.6548107611,396430.06107688416,144388.0916997177,473829.4072664145
139,241369.08965532866,566947.564390457,528077.0132204673,396365.0197399423,155524.4585088229,489906.9729246357
140,223867.21860095163,567059.4195639692,458519.1147543087,378511.1578938251,155078.91522738978,488031.121322506
141,238857.6160488194,662234.8065625088,464611.2963220214,403001.5925085127,153554.67254128036,495749.5710679336
142,239562.88416075587,593287.9895624826,478433.6063125801,387224.1895043828,146375.45855969915,478461.008926396
143,220555.0035664448,568932.7652321772,501457.181657683,381640.70597888855,148056.99136730554,469201.588070832
144,246945.42820698826,620899.7981428738,460302.7351457837,389658.37794428854,153483.5890515107,466660.3391742862
145,231077.00450312393,590180.281692602,525976.7301446244,397031.3809067183,149680.9425739529,488241.9456192884
146,235848.7973725016,564068.5022379962,450351.5022005002,371196.8697539345,151982.42408696524,453733.1228717091
147,225929.1277971221,586384.1947223422,484191.39797166915,373169.90492915595,144200.16502081667,425144.63913382933
148,238603.91277047724,569284.7419741896,480481.9694950532,385813.60152680194,137665.9914618885,503031.3919324008
149,229936.41627187596,610315.2412583511,495842.40807710576,384266.1586697205,147629.6517195897,437607.07602168014
150,240103.40486905436,594255.3526146963,546452.9998641703,392752.5544428261,154342.06763671275,428608.94722949684
151,237126.906627561,568683.9838613499,490288.3805013101,378451.36681866786,140917.02993694233,455240.5331661758
152,242327.1295324927,632286.6957432353,499797.0938430196,395372.91087448155,140272.9770847593,462180.6581689006
153,215484.92882392489,663595.7369219599,465422.66411374736,391770.6069138532,149237.86039971892,465111.84430991474
154,240994.73361215286,562521.1861081166,485927.6816793035,383771.33256756066,149632.78424486326,479780.27719336684
155,224663.44280518548,580942.7258114095,497784.5957891936,383422.7388283519,142876.15260979166,470846.777126179
156,222873.0649057678,572233.8825441664,514235.1120272037,379954.5327321121,148188.91383198337,442241.6903514391
157,239059.3326083326,606251.7113382544,463369.4523646279,380437.6263933773,149446.0549639231,444061.5806917484
158,239813.29807603796,565910.8775970802,468614.3081203541,377856.9069691817,154521.11232612334,460424.9387263129
159,234818.30921818467,613849.1440874164,483539.3534087664,384694.75401546306,142579.55388987533,448687.40947307216
160,232146.1955235488,627167.8368099357,454124.45730024454,390687.85112157126,142556.16535429712,497444.60061982984
161,220699.57339143814,614543.7428113093,481530.59939975897,382266.4368311488,146028.7774896305,448529.4910636069
162,224765.00638864058,563317.8447367201,498467.19480143243,376734.3514038901,151737.82004200204,445383.89105065516
163,241219.75826182967,552670.291092589,513790.83048440714,386573.751406885,153402.06474129003,471785.81245430873
164,225129.6493647569,612905.6913249607,500858.83620161563,395222.0415982858,149370.6543229496,487845.37677714624
165,231181.4442556771,624285.3689658936,487414.7724382692,391025.3466300269,154633.24572420577,457611.9017660886
166,232039.93872656688,540971.1569041698,482819.388419956,378352.9022943451,154570.68407168493,481363.3433493473
167,239199.53138325148,575754.4596530728,484078.3385299494,385783.4475664189,138357.5705063111,491527.33775950945
168,245890.9755436448,563577.6580274755,490397.51997794776,387735.4526484214,155842.33101316352,482968.7786798752
169,253610.6921874284,604962.2406619854,502578.19283035054,400830.7061282983,149042.30186527266,493960.1030964545
170,233329.5976944898,606659.7160904403,488798.59496565635,390886.8383727501,154312.92162760976,471333.3614855543
171,221201.77859394165,544616.4906557148,476125.7185625452,371276.10008918785,158392.2755599683,456044.2370737694
172,229767.22141104282,635919.515810353,510798.66761980095,393952.2514392546,149512.60468007435,443763.2476750016
173,207520.85317202372,603471.5127568941,482009.0133630185,379351.6340503389,151634.5832668867,452122.20769287116
174,231041.23519092044,594210.8908342684,493330.8038673032,384907.89982952806,141361.10334283792,464595.46591231035
175,245487.52023318206,564565.8708062563,476261.5828754087,382162.0406177518,152772.74262645762,471722.48654745385
176,241189.62243684146,580755.6280984436,465317.68869814865,373823.46696615947,145254.29728944832,436600.09830791515
177,236057.3658137272,596946.9862578032,507508.46907077264,390999.6329766927,151598.3768144062,462886.9669267541
178,234563.5381689046,553943.1058551747,495662.8739722831,382737.16810500214,144148.38045978697,485367.9420688609
179,248270.08250571825,579532.7835409032,457504.8449642683,380650.5204038889,143968.4053289821,473976.48567957245
180,227012.76830237277,594581.762846641,472032.0894168879,381457.1740557494,156108.33326699134,457550.91644585377
181,223781.2883669515,582701.0229769037,493601.220561881,373770.33971534006,150448.53218444122,418319.6344865227
182,223693.66952815716,605158.5153685345,506091.4561722769,388359.80355543306,142086.33754884804,464769.0391593485
183,222518.28349986128,558707.334537859,492160.1776657728,379257.0476817278,151647.82251778277,471251.620187363
184,235542.1111796275,565421.8915075539,479912.84033134225,378367.7613821967,152634.96726056686,458326.99663189275
185,223220.1344894278,549368.1466150418,502805.912573472,380128.1832780241,161012.07720500766,464234.6455071708
186,239209.09133054147,569724.297366729,556071.1924535946,395102.94233998226,137352.28535657833,473157.8451924677
187,229685.20332041386,590856.1479927298,482356.697202482,393648.1133297492,157106.18664581052,508236.33148730977
188,241386.36746320175,546806.3127058294,493410.05806818546,379946.09538687905,146980.62334773602,471147.1153494425
189,240131.98176903717,578692.8432003745,472023.13819354825,389299.3816478852,154726.22036706033,500922.7247094056
190,222695.5837012794,583608.9236964511,516661.745472882,391063.6500223357,154776.5506329294,477575.4466081365
191,231079.65732665162,574627.9942424266,521110.32176769496,387017.7719453821,160850.2113001464,447420.6750899909
192,215298.29171518792,555204.4368039051,553779.0537883918,386604.68015451805,153218.27100508384,455523.3474600215
193,235670.1647730804,588302.6509159049,537735.7517086155,395480.91556877433,156137.22751450285,459558.7829317678
194,232187.49433856917,605295.3122857185,495958.9320756907,398825.26046720776,156095.70686022085,504588.8567758394
195,232138.92152000038,621911.0519029262,474415.3531569903,384361.5512093762,139593.63787479736,453748.7915921665
196,217145.1457935035,603171.0081546891,528306.4941918816,397574.39617812366,149098.6107016131,490150.72204893077
197,237856.3961018298,560022.1988185189,484532.619035124,380743.40909571084,142256.06983615668,479049.76168692455
198,217914.2579358887,573395.9671708442,478973.5320727401,385775.6270091234,150555.8292913206,508038.5485748231
199,228538.118448138,580304.0677593808,476007.29716785834,381852.00192157086,141128.18795792558,483282.33827455144
200,232661.35024676024,594087.6144344419,486656.1192583463,393527.6740097095,155979.2476167895,498254.03849220916
201,237955.19342420466,573926.9843522895,472215.9378814084,375191.76489564695,144224.92914892337,447635.7796714086
202,242499.6399036876,482679.8921340501,523057.79236953304,377381.3161981297,157221.98485546885,481447.2717279088
203,233366.6337952692,534983.7302588108,489283.8469050211,376949.48124283575,154675.1738144958,472438.0214405815
204,225950.3520692959,568318.3321300555,466090.15322289104,370936.12901774613,143867.86917820186,450453.93848828616
205,237345.61015389103,581845.4957249806,481712.5602966291,380213.918803973,148063.77260971683,452102.15523464757
206,226877.09981836771,595874.9087864509,502530.0095654917,385420.70849087264,149583.33453736812,452238.18974668474
207,232735.17901221444,540594.906668083,486407.67013618647,376001.6103032994,158739.470139426,461530.82556058693
208,242758.66362492586,518472.75267564267,502549.89526365657,378275.629404573,148842.72202560317,478754.1134330368
209,242388.9184667987,581913.082954119,501882.82045591774,386823.9886857552,153528.69577699123,454406.42577494914
210,237628.49895815528,605514.6223848487,498321.0072015352,389286.47387973045,144129.5990472136,460838.64180689916
211,228396.84257598582,601352.6389573358,505582.48111509654,391753.0266374913,164138.01992276893,459295.1506162694
212,258214.47641311298,564870.3657704276,526489.3348123739,401382.39501949935,157318.07904735496,500019.71905422723
213,246979.23634999996,603127.3981981477,497989.4778231678,396789.500477474,139297.75445166236,496553.6355643922
214,237469.1661104325,541512.3918250379,509495.38891167403,381961.7932667252,145729.30603382035,475602.7134526612
215,225059.04191402794,560555.166187875,484170.8105690645,383153.73486762214,157477.63441822203,488506.0212489211
216,239029.6117571218,600236.1143236038,489627.7555477008,393118.06521367753,153288.77573879663,483408.06870116445
217,253927.8816107921,568038.3594577345,479302.3992988916,386974.9274230344,139920.38423333876,493685.612514415
218,235160.0990120359,592783.355099237,512317.6389852866,392693.5741328061,147209.02086291317,475997.75670455775
219,230722.39812517114,604921.8411207008,517484.19683582627,397200.65942855796,154969.731798019,477905.12926307245
220,243748.58115132287,651358.5428132635,474848.50475869124,398375.1825499313,151437.942867927,470482.3411584517
221,219210.82426770704,579267.0591015803,503263.3135458832,390243.7774532455,144853.22121959916,504624.46913145727
222,221222.15388484177,577372.7720604755,479376.95853436965,380882.85964773817,143525.77335754348,482916.6404014601
223,231326.02697844058,519534.5418809816,470653.52535822854,368842.0648193008,145185.31190375125,477510.9179751017
224,236023.86627252007,623082.1522624089,503417.1807823372,394285.7076963213,141963.8979829604,466941.44118138007
225,222020.90016419304,619449.96350336,498554.0833135237,391318.90121483477,154584.20558710676,461985.3535059902
226,233129.83180461617,611052.6690615595,464881.14451187005,389341.3832923044,146295.48664579925,491347.78443767695
227,223454.8944025087,551907.391864957,477670.08310668997,373278.4878991354,155958.36215802436,457401.7079634967
228,235369.0016000179,585431.9269487744,464614.51995849254,382219.91957150924,137189.71006684875,488494.4392834126
229,227307.55664941116,578627.7165844601,476625.7019486434,380175.0339838526,148055.5698032079,470258.6249335405
230,242575.0087588675,582447.4709695134,480818.9277805967,375932.5111714031,150848.83488825927,422972.31345977826
231,232869.63975109576,550348.9979412887,482049.5012626505,383416.2765231128,143391.08415364008,508422.15950688865
232,235302.1699546444,542493.828706803,540381.2864898267,384640.5338249357,146499.00192825444,458526.38204514957
233,230850.24839784903,552807.4870920014,457065.56348707905,374798.670779545,156883.94974293263,476386.1051778629
234,229782.8548649998,564732.7590274588,509523.1863765934,370838.5810542005,144897.9987566331,405256.1062453172
235,229405.7537626674,564487.2519701022,506316.8877640395,380872.94878948556,149955.1136508104,454199.7367998081
236,247193.54523901327,575997.2915506138,496194.04665298393,395040.7206942105,150510.76560543405,505307.954423007
237,238613.3233423628,574134.6431133182,471798.48783393373,384814.75346830045,157663.9738319232,481863.3392199643
238,233932.64851005864,599436.7090759051,482252.8540763059,383486.8215333668,147882.19929700633,453929.6967075579
239,237832.10937234617,579974.2951568853,525950.7068534726,394215.0658413047,150544.1076160974,476774.11020772206
240,241252.0712497353,593615.4429590816,497895.33091255336,387354.4123509107,151777.58336234986,452231.63327083323
241,215555.6439371811,563580.7507441719,448441.05760354415,374390.1903471983,163779.3725526125,480594.1268984816
242,242373.09260253306,632158.670362155,462070.8090514056,399032.9378009398,153869.5660893719,504692.5508992331
243,239065.7564464342,575101.1894501926,499228.135567335,396585.8956157544,165363.94599979895,504170.4506150112
244,231930.49674493042,566049.4779930154,449271.84674543084,369343.5566851158,149534.02746314186,449931.9344790603
245,247972.28683406583,664319.9954265659,496174.183694135,402470.91926812625,146394.0819246304,457494.0484612339
246,236756.66724989275,585463.8092339633,494597.5091273324,386339.2208262144,149319.48493756453,465558.6335823191
247,229157.10409564065,571493.6755177497,506203.06572539423,380671.7071947394,155845.64412896291,440659.0465059495
248,232582.85227421086,561442.063997255,513836.45875253103,386475.21779408475,157388.04538760078,467126.66855882586
249,229870.1584215741,540361.1921473389,481321.1680324767,377226.5322786906,150349.04470899614,484231.098083067
250,238778.71952085278,570703.2764999309,462056.51664634445,376663.3823856006,148658.41698699235,463119.98227388255
251,218614.3111223119,588420.6628125024,473555.64321077405,377448.5341443645,153270.85908680054,453381.19448943343
252,226481.0273625132,570914.5084487445,516890.6181050489,389817.2314191394,147207.4808800784,487592.5222993118
253,225868.6771534508,618447.4471223042,440787.6175624471,378892.94130297133,139338.83377710462,470022.13089954987
254,231672.48360496765,560833.8113130679,530520.1377730891,382484.8305857651,144196.19139146988,445201.52884623094
255,232653.47724639435,597197.928191315,481277.29264463094,385981.5655918517,157259.6480292437,461519.4818476744
256,234061.65654772552,593034.6909697312,526543.6376322339,388880.96537489793,148899.89382588814,441864.9478989109
257,244026.90566038614,578715.2561404082,495380.35475436214,390460.5074564293,160856.28270588472,473323.73802110524
258,227049.32464948247,585559.4294450651,531008.6101248926,396386.17734678206,156228.43613654404,482085.08637792617
259,236031.12633797515,581282.4549629231,519111.3496510949,386185.50773962156,153258.52241972892,441244.0853263858
260,228403.25221605774,537931.8569364502,531337.9628158035,381733.42422863265,148610.51564823705,462383.53352661466
261,219726.0377476545,600921.9851733131,508860.74766276876,387430.3249831812,148802.57549675295,458840.2788354165
262,236234.4574792717,577559.9117501953,456875.02030934254,372411.7680329097,150872.01621157464,440517.4344141642
263,238664.30974230304,613509.411961483,481754.15386551834,380944.79830886517,148499.85221314267,422296.2637618788
264,227042.82358451677,621197.4181470807,464689.29304458253,387065.28770778934,159291.32799762674,463105.57576513954
265,231549.47890540483,543439.7897155182,492477.3885472606,378817.3574389637,146038.64567760407,480581.48434903094
266,238154.90505931817,565132.2925538503,492644.7435145251,377254.0508431487,145388.60921380066,444949.70387424924
267,226928.3337901158,597322.6569253277,466643.33557855594,384305.24643899966,147361.5958989042,483270.3100020943
268,239251.83656161156,601621.8839654607,483515.0745291452,391059.5171402699,152281.11161907855,478627.6790260534
269,246519.91664754783,558691.599822427,480570.8299524975,383142.63055590226,156098.86720541277,473831.93915162614
270,220347.76468126674,543474.3988056856,507670.560146822,370891.55013255536,145449.8143104769,437515.2127185255
271,232013.96917354755,591575.7377900176,460060.31078039814,381269.5128493176,144330.21360324492,478367.3328993796
272,216521.41797561763,519563.0640457098,466724.0958097982,369540.7306690319,162639.91241659148,482255.1630974424
273,227579.8253873877,565178.6580564032,504030.2269253084,381732.50943916175,150917.26222844582,460956.57459826354
274,224761.5260186788,571532.9864152474,508782.4907800361,385725.2401247187,152327.42330569454,471221.7741039365
275,224511.91266674112,645409.9926308661,471814.3373145074,388965.26715861016,142984.6323565046,460105.4608244314
276,226741.88608757104,555770.3749984914,503742.95250250865,383197.50110706384,140012.23942726944,489720.0525194786
277,242529.85599240297,585951.606897567,512285.447884338,390169.69509174797,149022.5751639875,461058.9895204441
278,235860.17928738528,576522.0675666387,504785.6475357355,388675.57420985133,149530.6744110655,476679.3022484314
279,231506.97405522098,644337.9235509065,514096.307959485,405009.0008371263,149952.46922583866,485151.32939418015
280,218940.92680936083,569137.7575301448,493163.55226197885,376398.59737218433,145178.12648668268,455572.6237727545
281,221829.68317923232,597806.7460404631,467832.4143296332,386823.12068565737,149863.28076152186,496783.47911743633
282,225277.11908238416,611293.7920781833,483396.91774340376,389277.891133697,158926.63877109197,467494.98799342173
283,245363.31292941511,575698.4171516077,477592.8678655313,381331.31009207835,139735.38129641244,468266.57121742517
284,231470.262933049,561241.1508086442,516213.3062640805,379520.2081267355,147180.81008750194,441495.5105404018
285,240306.44886590814,580738.1942834293,488136.05811048084,389164.66161308077,145356.9500630509,491285.6567425345
286,221984.86941157602,579070.7062888542,494750.7521851999,383399.8451617202,146801.67653159695,474391.2213913739
287,245515.1741688078,613625.6290178621,465273.22477683076,387442.3939311495,147654.09703618687,465143.84465606016
288,219093.49613554185,600485.4523420598,509258.181590949,394180.1606425332,144014.87024011198,498048.8029040033
289,220027.61247941747,558055.2824936965,503506.8102052757,373927.7722701442,148266.26562945708,439782.8905428742
290,244813.40539060847,563582.9169354266,489305.52073567774,392422.2084495621,154550.36406961753,509858.8351164798
291,243591.16399854588,574564.9237327231,500937.0316746298,390736.8878595404,148563.7617273993,486027.558164404
292,223947.2183873598,605203.7550874266,480648.38411467616,392024.5893863259,149635.24301888605,500688.3463232809
293,232234.86582657628,621452.4204933301,475812.07187179994,384859.25308443117,141523.22118716623,453273.686043283
294,227515.05973680882,581448.5268560401,493464.65180051944,386806.5364240919,154543.23499554663,477061.20873154426
295,236939.89969424836,605489.1451158102,516005.86386469257,398492.9941153658,155344.50995763403,478685.55194444355
296,239489.93022021305,562581.0819181765,489751.21893739264,391963.62764670246,147556.49150669912,520439.41565103084
297,236846.95188481614,598729.5259782637,492793.39393175254,389906.5422678173,152699.6115238179,468463.2280204362
298,217765.0597265949,580676.4225598776,519955.2912712298,380485.36097069574,145968.77935587266,438061.25193990365
299,246462.1241818715,573158.9835055922,467957.3461885973,378641.4817371719,155213.48214831125,450415.47266148665
300,223834.33202848912,643873.1587023245,486176.1566069187,391269.437259982,141003.3457253523,461460.1932368252
301,221718.75995827877,552756.858201327,472940.62781359814,376867.49636644864,150486.66261632624,486434.57324271294
302,239598.61536276905,606391.7180465374,469690.81118356803,385083.50306696584,154258.70486454392,455477.6658774107
303,233335.65337722935,623239.9737289832,522505.60159018624,396561.7699691167,155962.8123385209,447764.80881066376
304,234441.63019060594,556486.783018921,493680.46154587815,381965.142808449,155277.087217081,469939.7520697585
305,235417.83607764647,612705.3608811199,510031.94743878214,396371.95695980656,149428.25581312482,474276.3845883595
306,227687.55069175045,582794.1751477743,511947.925624928,389931.5102616041,144739.69052636134,482488.20931720646
307,243220.52833073927,634898.7648360326,527923.9993500031,402632.71566531935,156126.13528765805,450994.15052216355
308,229515.4783565879,621612.2116241542,492732.12446381856,393418.3365529557,164406.3084283253,458825.55989189213
309,251337.67560446105,574253.479785358,498814.770637204,384791.71211284865,153043.6728773712,446508.9616598487
310,233901.82795062874,621827.6380349717,500479.32636804227,396312.43230322585,152508.5597126445,472844.8094498421
311,232188.52716545123,591932.4642873048,488365.0999394814,381378.8307718403,141807.46199402885,452600.6004729352
312,244962.3199552275,641272.7354060311,470940.6378141594,390544.1613350198,154682.33363232866,440862.7798673522
313,238923.5391395424,611699.5423626142,465635.5235905515,385645.8884501328,151394.98477053412,460575.8523874216
314,226236.91625567965,562128.0568002511,489676.8381685114,372511.696479783,154205.7513303445,430310.91984412796
315,226816.35596331538,579490.5433923528,488189.7485169475,382981.70161889703,152511.3327725281,467900.52744934155
316,250183.15551189423,591783.6745772248,513641.38836469065,398801.2818819048,152542.61431129932,485855.57664441486
317,231163.8776167761,568915.6056746119,510457.48331992707,387463.85469238,144097.3891051827,482684.9177454021
318,215094.85943047484,565529.8189805887,470524.66760643065,383999.9469309766,159345.65136333698,509504.7372740516
319,229106.4052015577,558295.0952454858,498940.0638287058,391954.7094809336,164967.29561855659,508464.6875103619
320,245763.9097105259,608484.1254661668,514764.7686591887,395408.8952123205,143961.92831820995,464069.74390751106
321,242984.87641589594,612358.5291015428,515102.62642715336,394841.6446769929,160269.42226821277,443492.7691721596
322,231155.57564357162,579864.1631570098,494150.4406256143,382104.29197678575,152412.5312752193,452938.74918251374
323,242751.87278610357,571604.2033884078,496649.42734556395,384723.39768677065,145265.0326656526,467346.4522481252
324,239475.82041115285,585217.9303489317,518702.4442189511,391248.4246937541,156318.08794528665,456527.8405444483
325,234821.94601693872,597193.0838125701,498711.985000805,394858.7560118701,152409.21806264724,491157.54716638924
326,216312.13475637886,523301.1147890936,519140.5530517071,377029.83308917144,153418.51617780147,472976.84667087597
327,235274.75594059448,552921.9801895487,467531.05737064074,368007.92239251797,152856.53725343975,431455.2812083661
328,224880.4884446694,576071.4534107005,513210.8467215894,392819.2952508077,160241.4224005485,489692.2652765307
329,221800.36716496485,588146.5405981566,486279.50724970497,385126.5075420898,152357.77851769453,477048.344179928
330,234431.59459020285,552203.0847176098,488700.5505085607,372588.34531137155,140542.62392610137,447063.87281438283
331,224455.55165198256,587836.9662069143,481104.1137922725,380327.81356898975,143359.292134159,464883.14405962016
332,223979.59101668978,555467.4466352195,493414.1040700461,376812.74445702694,152661.94773029606,458540.63283288333
333,217272.708603253,572593.1909431969,510494.997864252,391953.5903325298,154790.66790493182,504616.3863470153
334,248037.674687876,578985.2622091344,532825.833746966,400615.9498431975,151474.3615592611,491756.6170127499
335,240605.33689190343,628837.3748532576,487491.92663154245,392719.1245099493,147809.36922200932,458851.6149510336
336,219537.01384206716,618382.1604172846,478607.8682355203,389283.4084761337,158282.5811753948,471607.41871040134
337,228376.5068044744,604802.9040032992,513345.5088930328,394507.7049676276,152664.4084296392,473349.1967076923
338,228991.25399639955,603311.0556224957,494620.0960807902,389342.8222823462,158300.8569893976,461490.8487226478
339,231509.9357839741,626633.3673348576,502342.54301091586,389037.14566343813,147921.11595186105,436778.7662355819
340,232743.2871757052,600761.5177935389,496834.2734918927,397909.12191342807,155960.88238989632,503245.64871610724
341,227566.04585371193,556092.7868036197,498894.10251899046,381739.4971989838,154958.75808122335,471185.7927373735
342,221992.75417833638,496633.69371259154,516285.4693862515,366252.29627212475,143124.16716755714,453225.39691588684
343,224798.7844379236,628716.0539478258,458293.23307030683,387570.99443303177,139348.33920500148,486698.5615041011
344,224992.86187042596,592385.0791416976,467086.64860680746,381031.4302268975,150996.3333218646,469696.2281936914
345,234254.61187706067,598776.9281786121,440918.8726756367,385041.9724008381,152111.3543384141,499148.09493446694
346,237018.1149625764,571591.9284054267,473525.2795646821,374742.4242224953,151505.36611808342,440071.43206170783
347,228007.45778421962,609039.6571987349,512068.69347477437,394488.7518224298,150011.29460703855,473316.65604738164
348,246259.12118192445,633320.8316587901,467579.2199975058,393955.27429698256,143675.21669381947,478941.98195287294
349,223573.58229662443,546127.5726715553,497800.00906600186,373832.73796490673,144796.35281633015,456866.1729740216
350,225642.1446554694,613192.7704406821,445855.10272162035,382018.8834725662,145700.36432814607,479704.03521691303
351,225946.12889321832,591008.7503551691,507898.6948004146,385906.11174932774,152617.81095443727,452059.1737433991
352,233435.43915905931,574063.361922033,496706.56968102447,390288.5405538859,155478.59619023735,491758.7358170752
353,247925.28652242132,561633.8749572661,516190.0620427177,397540.8708489991,161304.4250314457,500650.7056911445
354,250730.1553826246,609106.9008122407,516795.098161637,400216.7354965123,145114.0954225561,479337.42770350317
355,235210.96741126562,523375.6113316174,521249.78384147823,382507.5285138994,145213.30791231646,487487.9720728192
356,230322.80569892316,597508.9022104811,455351.3010535561,373780.5385760128,149524.87967984236,436194.8042372615
357,238251.52584360188,636457.9408741919,522672.04394446337,391730.4880412082,144516.13750951766,416754.792034266
358,220087.4840054356,592954.5669730353,476224.4203147226,384091.0440746756,148452.5371327885,482736.21194739593
359,239606.79261541262,620743.4302687886,492497.91340620903,396594.19430740934,138630.9327318272,491491.90251480916
360,232531.23233835193,556155.4300619359,447460.47929437645,368134.12139094836,144388.1087477251,460135.35651235224
361,232218.08513887334,523504.7388520806,470517.7227992909,370155.8051707652,147715.07540787704,476823.4036557041
362,249936.17445804595,645661.3556744247,512477.8714897712,404264.65147133055,148991.09256847386,464256.763165937
363,247329.930704732,577834.1149699595,535445.3672930029,390676.19651004986,155888.4427919397,436883.12679061526
364,219714.94703093494,598735.2171215985,465006.7845729993,381365.1967265066,152037.7370446864,471331.2978623136
365,218458.68982331047,574795.2824350281,495868.4677871965,374300.8563694261,140710.59209176243,441671.2497098331
366,220683.76307779716,625868.0447741501,513673.135813856,397355.3955111479,146867.42980156068,479684.6040883755
367,236313.9873147008,539194.2447372114,503931.4097492618,381700.7795224353,138987.20370130643,490077.05210969615
368,229990.8447048637,529864.7931435517,514843.9401614627,380108.9067475137,149348.62622126422,476496.3295064259
369,228285.5717912966,564828.3548990627,525950.4637778818,390887.30439590564,156198.44689906345,479173.6846122235
370,228010.54173774133,603377.4291645039,490063.12506010185,392134.8956975172,161761.83368126993,477461.54884396883
371,240213.91418580344,558840.1605399201,493083.8837966229,379216.9659468994,156588.51680441678,447358.3544077334
372,238556.24784152498,594674.7372431854,495188.93558677903,383865.6728975885,144826.60042779,446081.8433886632
373,247409.6294113482,592850.7318359854,482678.9032239147,383826.30245808273,138529.47045422797,457662.77736493736
374,237426.02038387296,583121.332393982,477400.46845880843,376335.6545539092,149540.37680720375,434190.074725679
375,237917.81632430095,598105.182930883,503768.72031526023,385575.6343491538,144065.09418004882,444021.3579952757
376,233082.21800380683,555155.354915293,530699.9474426826,388312.22993754025,146665.2509427298,475958.37838318903
377,238984.54230646807,559226.4309353409,495057.1040296997,384393.2989979624,150088.8313173503,478609.5864009529
378,232231.875508432,543766.8437257231,504972.2697925533,371501.83376383135,156311.70171184256,420226.47808060556
379,238273.72398204336,608648.2815730397,465240.45687399467,388203.87442621746,147782.654333806,481074.25536820345
380,232225.84987456977,605401.4702523701,526844.6674488757,398531.6495563239,149188.15507132848,478998.1051344754
381,237905.40836342043,587676.6780554968,471683.36299895355,383255.69006649416,149388.50429594147,469624.49661865854
382,248071.2989400073,562557.4925492322,429488.68320601067,373866.7308297757,151899.306880679,477316.87257294904
383,217222.5102899964,572171.8767556506,486965.8507701243,379198.62938846875,149975.1401461381,469657.76898043416
384,230075.76146073287,553432.1501600478,435914.7968928674,371565.47034842626,148717.399892573,489687.24333591014
385,241659.3021509854,600232.4168732832,513315.69623975875,407500.07581851317,156246.6455713781,526046.3182571601
386,239141.55010536133,597489.519090009,513429.48611114686,391520.7265974514,151667.28538743898,455875.79229330074
387,239231.991566246,611171.4247454233,501475.26711529674,394337.93515490537,147049.96184596032,472761.0305016004
388,243547.30109687327,605288.8983021344,488774.02924882167,396355.7983618661,153498.31201986317,490670.45114163804
389,231272.49717495724,602203.3067127329,460525.13324081677,380900.39846788533,155075.57929443495,455425.4759164846
390,229080.660301625,578049.5356327348,509436.23979125416,386191.278700959,153584.35885294576,460805.5989262352
391,210910.98237657486,610646.6018052002,467847.4745276023,379477.34805236716,141639.22557852778,466342.45597393037
392,230748.61633182754,591860.9420053608,500453.5261750195,385479.67907712614,144752.48183904373,459582.8290343791
393,231175.17352240346,580431.0978852104,502050.03971491434,386386.76499431266,157324.14845780047,460953.3653912343
394,233917.495572992,661295.9465340304,508894.10339157935,414653.1186385777,150039.24139732012,519118.80629696656
395,217990.33882651333,622965.5048853814,477301.80221005576,394860.41131355474,157341.82216447563,498702.58848134754
396,249592.4958803407,551208.2898871762,526247.0025788263,384578.78059956466,148189.1155374722,447656.9991140077
397,232497.67435675883,545254.9069755125,461903.0695491606,371526.06182081625,152538.0740640601,465436.584158589
398,255084.90036862547,547074.7018806245,509184.4416317977,388641.75934211584,145319.5167206184,486545.23610891314
399,231314.02325168898,534485.7113385596,492018.376896684,381283.15953322663,165161.9897049106,483435.6964742896
400,232930.0145407842,522868.635308862,479291.1835473254,368941.2039082596,152265.98243259915,457350.203711727
401,217170.1635060272,612000.04040809,491906.42268311983,389380.2820081839,154210.00152715918,471614.781916523
402,239081.49345883026,594622.3257223986,486029.3641939515,383137.65745708224,144822.58820356635,451132.5157066645
403,244458.26996781453,611273.8389283037,487352.2015880758,388578.33279081143,150440.41512769196,449366.9383421709
404,238346.71482691626,587726.855397467,476169.75434891065,379800.7127112472,149496.75183307455,447263.48714986764
405,232851.6264906363,567770.8554728196,493228.7673442166,374498.1566802593,143365.5267140158,435274.00737960776
406,234035.07803456535,557551.5115550045,446965.06304797734,369111.97188151116,143683.67162423875,463324.5351457699
407,246667.45831348415,607662.9871874601,502444.29131310526,399705.5337227974,149961.0204815936,491791.9113183437
408,233310.8657421947,552920.7346185739,484448.02807718044,376607.6638184261,143455.6908832691,468902.99977091217
409,228433.26456628987,570967.9129510403,490466.99398016115,381441.6870284195,152023.2061974347,465317.0574471715
410,236203.2696552029,619347.4937580606,487129.5785224785,391262.96333000285,154773.31386561395,458861.1608486583
411,223783.19020476125,553852.8966285981,496210.07779532747,378656.1884526912,145872.44022575623,473562.33740901283
412,234041.4052252575,565848.1363330968,483016.55836465326,378731.5145414554,152470.48560103212,458280.98718323756
413,230897.33640868435,555035.8347931182,477979.64533325325,384523.28276456683,153714.89678276115,504988.700505017
414,246575.94727518185,562187.9343668649,442202.4970185335,371912.05799343286,149830.7751925978,458763.13611398626
415,232899.02197238215,602974.2283843374,561130.0313350597,404366.4193419293,144705.93371724206,480122.8813006251
416,214010.8398059869,615495.3136833649,523679.5112878106,394096.8836394341,138007.14157615803,479291.61184384994
417,246725.72761331644,544307.2103816197,487650.5214537606,381433.3011958302,158386.55955986356,470096.48697059066
418,236148.7201377,610179.5612556016,503964.4994934701,386114.97289559944,150946.78359048677,429335.3000007389
419,217972.29820052892,593639.545297267,527763.4001628631,396457.9930335118,156855.3814840367,486059.3400228633
420,215840.01664299917,619315.1425719257,486243.4726556813,390081.2792969167,158149.50824911267,470858.2563648643
421,226584.0620495357,600091.9730771043,498159.680565594,393133.57278892084,157366.5593385895,483465.58891378064
422,231199.75086030888,617976.6285320756,479066.85164916643,388072.40971092373,152459.80690184585,459659.0106112218
423,223716.0901711558,586482.8397038846,480399.5028346196,378224.50286243204,147252.1349979287,453271.9466045714
424,222378.42541784834,566290.8556526279,509732.9009879678,380681.1535917821,140092.1526152932,464911.43328517326
425,246890.64492086152,568959.4917706143,473154.2032023633,378274.9623289353,139834.6013965346,462535.87035430275
426,227342.12921878934,566998.9782486797,486173.2448000235,376437.3054177313,143427.29407903703,458244.88074212696
427,223995.4627835406,629601.2340902789,515807.43641098647,409536.2452525828,150302.76104711732,527974.3319309906
428,245995.39531920638,542597.6240547778,485354.37144786277,382008.8578351923,145758.71009650963,490338.1882576048
429,245801.28205095444,547761.2575203131,522732.1469824444,379819.20845402835,142329.92417224942,440471.43154417997
430,231962.2233559644,608314.1428324325,519474.4939153579,396201.7829194964,150574.2619608881,470683.79253283894
431,245856.07022067133,646495.6485787311,472065.84103796736,398760.81546984066,149203.7281753272,480182.78933650604
432,242062.44271350215,550880.8560712988,482211.3599628812,388780.7789352754,156458.23816235294,512290.9977663417
433,225726.53393130153,599158.7686762112,444046.25163116615,376271.22612855304,158261.47687421014,454163.0995298762
434,229747.0506165455,536215.2391417575,485971.47357496945,363458.8167215305,136888.5674864731,428471.75278790697
435,259684.8844405058,525871.8216487746,477632.76549965533,377508.7624057571,144384.36177080063,479969.9786690493
436,231981.99600516257,580938.7098137954,464954.15795719187,375332.9934585373,155994.8656246062,442795.23789193033
437,234643.53522609864,575630.5060822715,503728.21136486065,384021.47878625133,149180.75359057373,456924.38766745216
438,228642.02261215475,520748.76926825533,512547.6074663369,369739.30732819124,144998.9325758769,441759.20471833233
439,242177.2226349269,591101.8093318888,495233.8329237615,393564.71216499683,147384.8259587916,491925.86997561535
440,233769.81499841344,589622.6034515812,541059.598879228,396130.63416142965,145431.0807252264,470770.0727526991
441,223565.07149132987,586153.9189375805,481713.1743039029,382343.2935829266,152803.13791671826,467481.1652651015
442,234784.32072551097,635604.4200969044,487035.15528495284,400421.2984341661,148050.0672247363,496632.5288387259
443,233537.21922486613,595502.61184144,522989.857356387,396574.6052241288,146668.7130258947,484174.6246720561
444,245499.14232865672,568164.2460978297,522843.3286772448,398176.3296852499,145435.63773906569,508939.29358345235
445,234801.53923692886,571105.9861142811,498904.13090650906,380514.41541301017,152348.7531819472,445411.66762538423
446,236622.15163786657,574123.9196753534,504249.73209835734,389551.7508031819,149441.0991665188,483321.8514378132
447,252198.48571155278,586434.3238994195,514352.04784536175,401843.9559593463,151999.25439334623,504235.66794705123
448,231906.92954207995,549124.7580215919,468541.40495545446,370495.92342058476,153126.3427533286,449780.1818304686
449,231290.08920467194,604826.1645000747,491145.79846323834,388205.2624618685,153132.47058472637,460631.78955663124
450,240226.66252755953,592109.9894394001,493798.12756224873,393240.8132195716,153665.755037008,486403.5315316414
451,229286.80152719704,602174.1334845017,491162.20582688495,399574.102120594,152102.99541732724,523144.37434705894
452,243166.9587657762,568119.4641617078,435378.38810913824,378050.8712166297,141799.2922505045,501790.2527960216
453,209406.87325930997,601336.4353335325,502439.1899356239,385579.95618573914,152468.952911725,462248.32948850427
454,237229.00541885963,613012.2797296913,467957.9259126857,389830.73485609016,153021.12861222503,477933.33460698894
455,229081.99597279335,583770.3662729473,483529.3190706698,389781.45438779943,151599.64925808416,500925.94136450224
456,239210.64452471412,588921.9807664983,485550.51897732547,399360.2830725333,153612.08115196918,529506.1899421593
457,219700.08551873037,596708.8493992871,553624.9374081737,401300.9560770943,146460.79124561496,490010.11681366526
458,224888.02832714946,575996.4612637042,509045.07501984463,395128.93412134727,150402.55030200753,515312.5556940302
459,228003.90318715278,599192.8891296468,506490.5024853448,388139.090550918,146803.4513560911,460204.70659635443
460,234323.94272479642,598503.4064133433,498746.0172206544,391692.7317040804,150958.37741076652,475931.9147508413
461,252429.76115021875,543615.1569186761,481814.8405095006,378556.7928333653,150820.3650668032,464103.84052162786
462,226200.06829929902,616596.1370311478,500634.4756903061,385808.4312263456,127771.591158585,457839.88395239
463,238650.55268182815,616936.2595994564,478654.58439143666,385412.71048704116,134978.4246218872,457843.73114059743
464,226924.10429464778,577415.5241156791,498119.41604555555,387380.8567653715,159441.53558728076,475003.70378369396
465,231410.482722366,608977.631285723,537986.6832094749,393342.1933667569,152065.53672724965,436270.6328889706
466,239987.1481882959,585549.2478534473,523165.0228228618,392836.79801615636,155390.66147952218,460091.90973665455
467,228077.51666000937,583827.469948988,534686.6582243441,393982.60166379804,149236.52733265187,474084.8361529967
468,228340.19930532327,533162.8872686416,458390.2119658395,370556.33126613824,146776.709847174,486111.6479437124
469,227692.7457271962,557631.9563323789,496449.81931011763,382659.38691171503,153381.79112754532,478140.622061337
470,230023.01796789368,649591.4002806868,469868.2365071543,401858.9011393378,153383.94366925175,506427.9072717023
471,236096.69402046432,586777.3635186529,545303.7725009264,399176.3835222444,152006.84351917106,475697.24405200727
472,255715.40244171527,553016.3243468982,493269.44020220917,386844.65570456313,147614.41176367924,484607.69976831356
473,242698.19221017178,555483.7483648298,480295.7297348794,379360.1900719513,162803.57269856113,455519.7073513143
474,228325.7356392677,570710.2077364153,474974.43644709187,379458.98658513266,148389.92080218878,474894.6323006997
475,237342.01850823624,513588.55580401403,470601.321894853,365484.6713152165,150591.46949846216,455299.9908705173
476,239343.69864592812,537567.9261271181,485501.870859187,378037.4998684917,155056.84201672897,472717.16169349634
477,233165.01181356955,623409.0053814908,485505.6239274774,386684.86310766765,146033.63077028297,445311.0436455173
478,229842.45811313746,608634.3437020654,527572.7920193867,393724.1135327107,149858.043229023,452712.93059994094
479,233136.32685371247,616725.1616414238,478279.4797841658,393680.8230820935,149711.80456514878,490551.3425660165
480,228278.43181340492,559731.4365543462,479510.6954265076,377457.2199983586,144678.38880347027,475087.14739406365
481,230044.44845377616,570165.7678298391,502483.5677679267,380146.3634579296,140973.27717045895,457064.756067647
482,235322.61286680683,520831.7593949462,503123.3430960565,375854.52771829657,145258.4624765528,474736.46075712034
483,234683.63949512085,521128.80787832465,530045.9976563882,378024.0153415795,143400.8951300379,460860.7365480256
484,235834.69019712936,611112.3663517544,493134.51493782765,394047.8794071311,146323.12771448307,483834.6978344609
485,238807.56725686524,527219.309686421,540163.5138363898,389840.27735512715,152463.6889748444,490547.3070211155
486,243563.30505629085,517735.3194829811,472725.4234619916,369146.1313939295,148427.76781142855,463278.8411569553
487,239231.32822412628,532381.0656643971,489895.3414055324,373981.94731923426,145882.32828364454,462519.6730184709
488,239408.60504806897,551895.4447831876,513664.3021226137,386989.5498945349,142479.6260248888,487499.77149391547
489,230693.18757512327,553045.5426507097,490185.1946586976,382197.6120557792,148125.15836216474,488938.9770322006
490,212947.7466066605,569055.3398670739,511240.6393466729,379399.11361843697,152053.0883113945,451698.7539603829
491,220539.45214358068,597904.5001192704,465840.39730894554,383615.2398065523,156458.17198059155,477333.6774803731
492,238672.19752284966,575033.4277321307,510473.39779436466,391267.86432639224,147986.37054498686,484173.92803762923
493,235192.00359044626,561892.1213892287,489636.5252845359,378430.40231710626,139776.036027939,465655.32529338135
494,230318.69888250923,578108.7077789363,466490.559326613,369718.6422726583,152709.11447463193,420966.13090060075
495,244263.0382432505,646567.552278605,483365.9271651694,396429.9272403107,138430.57273374434,469522.54578078404
496,230644.6534722153,592645.9408431747,511505.3031631278,386749.24162257137,148984.3088667835,449966.00176755525
497,233161.19851273127,575484.1089340944,486916.2538877446,379760.61588094186,159710.5006115062,443531.0174586326
498,237179.0297597773,607764.6582701928,479083.98175852455,385311.93271252234,144379.47754191657,458152.5162322002
499,241796.98324903878,517124.1564381369,505394.3938774427,376769.83841001807,148379.48150511546,471154.17698035645
